magnitude,depth,time_patterns,seismic_anomalies,risk_probability,target
4.883836143933031,684.9193173335112,17.466459359636616,0.4835877559283813,0.4085770943585334,0
2.0489979034168573,363.90291536829193,9.082965083299516,0.8597076962296442,0.42356852232952635,0
4.891067852850009,500.6818227068476,12.823873466494035,0.6024629521975542,0.5118225161433486,0
3.673398648869241,127.96042120914117,21.81643887635227,0.7924785629505605,0.5994060433819587,0
2.9187159890403027,141.0321041411345,4.784228458023889,0.04453125907508204,0.39770803180003195,0
7.461228033898406,1.1709132547310115,0.07256332403333232,0.4644348269151979,0.8592081842224344,1
5.007094071761228,622.9454778690255,3.21016191650497,0.8569921748317559,0.4466692917857082,0
5.636366227519101,488.7747293963958,4.274640067279161,0.1636652854173507,0.5410018678979517,0
3.0125547528279784,334.3945978160624,20.779996420539412,0.9957076381224632,0.43824717408445235,0
3.4942540891419727,165.64677786785433,9.224722523873623,0.6385695499258086,0.5464674486948379,0
5.618177078946282,526.8935435023752,17.77814842229118,0.5408482671874105,0.4713093001828724,0
7.440237985754054,462.63661883545,20.402496312798036,0.7700977577619894,0.7358778966618575,1
6.552098614916083,503.60694160489066,1.688769932737614,0.15636394818905697,0.49787825297046123,0
7.347893749393329,494.45303092216494,14.589077552567572,0.38820519426250066,0.7082046020503221,1
4.020816575309894,122.19963854225716,7.8937705149798285,0.477185804673004,0.507721626588789,0
8.343051099372124,558.0535479152535,6.352147833549608,0.03768281760217962,0.6494755014568099,0
5.620374632944583,523.7520322431002,11.61720347997732,0.7403386524352352,0.523300667969145,0
8.558328354824372,299.6998044854808,3.8179217069442553,0.7713649148757272,0.870557530365037,1
7.609753190023461,328.4171865028908,22.990115508696675,0.02570024806795479,0.700010780163607,1
4.674998437715022,603.8248304656554,2.5048636555147086,0.882301986633776,0.4331622126223187,0
7.726839657678343,568.0478340695529,21.86004115032842,0.8301258315836371,0.5736700303073192,0
5.396741174102743,590.6740443988118,8.38660646872798,0.25972463949102986,0.3508912507524709,0
2.0957236151137777,640.1063864169306,11.271216113556608,0.04349790428169886,0.1520389507179156,0
3.7579342494221697,262.5088290294413,13.951231115603544,0.5424457498417432,0.5623714270011319,0
2.2852061119870606,283.209075697288,17.810564958362683,0.9723157658256705,0.40705919038335775,0
2.307871373831878,365.3128455074502,1.7265261315400355,0.26857411513286,0.34042333289181526,0
6.8143354754911964,688.6590949685665,6.238116213624929,0.6920702083716939,0.5246234194144443,0
6.036514776412865,494.7628451738994,15.547108406633622,0.13830156280628803,0.4684433569207658,0
2.013189060666533,231.81622835816484,16.26652009932694,0.5670168075642877,0.3478312941344939,0
5.361890526213335,697.5017599400412,8.033500472079844,0.6480047113977676,0.37760355916042715,0
7.792137575914073,78.47585311793881,7.433170827362939,0.8778648245129886,0.8077147067434031,1
3.5475429731385026,314.6117305185884,5.415723377746851,0.9686837610815177,0.40263019373737347,0
7.165846509079654,362.5658968979243,1.3100136535354459,0.643534490350324,0.6813395646069192,0
6.7303493044249,122.85073520465681,17.829207432427374,0.3957768451403223,0.7410442246500182,1
5.167307276126357,585.4447803697722,11.940359658607125,0.33773247141821405,0.4117608886397163,0
2.5390077761727916,413.4062398151307,16.62219640475671,0.9825135936075061,0.43628918702147856,0
7.485165695799443,242.1259720121616,19.397105761820626,0.028411248685670243,0.630765620791815,0
5.547131353808435,21.362290704321836,21.75274518127666,0.5951040640160394,0.8308038737649638,1
6.977903947294282,481.94009847414935,2.1257028533536317,0.4848459652578544,0.622936641662105,0
4.289653278617798,375.07731217343496,1.2913714557422642,0.17520794769280224,0.39571903586099977,0
8.737941831314556,616.9404261334165,5.38776468785634,0.03776066337434003,0.5709175027696085,0
3.5799207615329918,169.2931366411998,17.797480012522627,0.5450834757871299,0.5521194700607942,0
8.956540924436073,24.863148317985367,1.9263603193988308,0.45382377988943123,0.9485125751988335,1
3.501201667249604,684.0182549327156,21.658026916357557,0.291320186171926,0.20633841328201996,0
7.847593953515242,133.0826145910916,13.528474677072744,0.7105208394589709,0.9282399625303321,1
7.711997334937945,547.3608790172351,3.0397630345151665,0.501348206743592,0.6018369527980963,0
5.739157084518089,609.0855991037479,21.732685565168463,0.023130424135399896,0.43828380409506873,0
6.029735651748402,366.6902383149515,18.01115157149914,0.10633390345177629,0.6000444401947882,0
4.6616677220705,421.81445948021167,21.6108651110008,0.6564334536867952,0.5009725073424309,0
5.586069503144408,209.10625176941383,4.265284357299305,0.23623845171590152,0.5985557386413971,0
3.216571329455789,161.68874733413443,5.825013810901856,0.9406382352709466,0.5343680210578818,0
3.222368528808148,672.5713572873326,13.542788692604379,0.675943378516458,0.16789530570650693,0
3.5217736995183415,528.0544556015524,12.589076851712983,0.10663938657805727,0.31096538523148587,0
4.91786344390062,512.3685329882147,7.39594667428099,0.1897901769845758,0.44124156779341583,0
5.307932270550106,73.82431002895557,7.160877776793544,0.653370417325728,0.7106960413089497,1
6.081157719078661,239.74936261660775,14.074104934294205,0.23096177538662677,0.6295997943148867,0
3.5115416770448786,295.9403159866437,5.894249234599821,0.6501566450503774,0.4958926332986442,0
4.535207075804302,546.7433936114242,14.517786467121297,0.47827005541886614,0.3690314944521409,0
7.805545601150036,98.41519967504603,17.892185343065332,0.1385500814295425,0.7250101607445697,1
7.615284362728693,9.299890086226291,5.297799276328044,0.8098375298043377,0.858620534755034,1
8.522893563434458,360.1931694930876,8.024701906394784,0.11224075475386974,0.7219275964241014,1
4.741751379394493,498.3849291124543,4.266162557957379,0.9932123105768909,0.47305145066024934,0
3.765459773753545,272.4604327261658,6.8795346855659725,0.3806041383288462,0.4560257926394225,0
6.34435095938962,397.4096813541027,11.023040885828124,0.14892227415194037,0.6188699008353923,0
6.170407458202683,106.84443198253459,16.24695047577427,0.7977581416586017,0.6732260169256056,0
4.59120296415467,155.7770349982879,23.097523614022677,0.7112408200741155,0.578514962215659,0
7.118456281860842,268.7470504198022,17.54121732620252,0.8582707422223552,0.800275509118033,1
2.23063402120376,171.950697627446,8.275119367503112,0.658651712181907,0.4862695071042026,0
8.813388167801754,657.1797030897686,0.40424391180105346,0.24216102267302797,0.6048229635330781,0
2.974832611428222,221.4646386270396,21.117450594806215,0.4459621903665233,0.45461529641161363,0
6.751148905941502,379.8513334861208,16.94750284679037,0.17347400510380262,0.5900426971091448,0
3.869086826340167,294.7491831503475,12.329367661551164,0.37544167292311004,0.5126734723250217,0
5.681941912176262,625.0232408048552,2.1618980447954588,0.8828550752596966,0.4017012284994242,0
6.9252383594700895,475.505556963475,23.764706235992687,0.011931299978209409,0.5410589108991362,0
6.287644903017108,475.9371453949841,6.041839774520708,0.778043762080711,0.5091713497147583,0
2.302407791961439,371.5654671652576,3.1934305964199377,0.8480586013366211,0.37133324997841344,0
8.244137907932625,71.07003302341782,23.486119063023203,0.42513159335612627,0.8925802908368252,1
6.183591180909578,425.6567422245217,10.663461992965733,0.09384410982912827,0.5007216806900388,0
6.536768195277589,16.556714546244855,16.074995636648648,0.18271031314411945,0.7622245136527148,1
4.749389408088286,71.92032140805678,13.846469143681247,0.3716885971141608,0.7032742168861861,1
5.77466105485148,520.6206867076116,21.437788025087805,0.6284636258952775,0.5731503932215265,0
5.520814253540761,193.95773006392224,17.834482307552257,0.550730046019982,0.6611835262839414,0
4.104970993902847,615.024138630595,15.924906537381743,0.7799600610288279,0.3362656667071659,0
3.8616676138249595,383.0851966397453,4.7920715089226364,0.19905736567300414,0.40946523376552957,0
6.926752185422268,408.6079740197448,12.638074432148422,0.19298489290505005,0.7384657701328311,1
5.9996648756439654,489.213323803565,20.23555985695445,0.630556105250787,0.5712403283615255,0
4.666568485633363,296.6661656104119,20.59243467697104,0.8785179038458302,0.6170679121178213,0
2.1629726188554055,682.2784835353763,23.99220084841545,0.784932517566896,0.2481157999102954,0
5.079786268899726,516.8689133956974,15.058330635915652,0.164211620543123,0.5217600835200721,0
4.2151303487497005,175.58388655222535,22.024335188043057,0.39058854661107223,0.5497850309980635,0
5.322551704320372,470.04085347416265,21.19981938060463,0.8449400950373255,0.5770837159698932,0
3.039310116785044,698.2062090268166,7.485245254988737,0.20139782386342364,0.26983997756366235,0
4.594791005502294,569.3419923666061,1.9924805492586755,0.9613084916852462,0.4062850476720904,0
6.8132269580092,693.1792495014822,14.504592599791913,0.7894648325468938,0.5000720144934256,0
8.416242461017081,499.63838392463987,20.902785965309327,0.07562807251760018,0.6512612457947313,0
7.01461107652815,29.154485215770933,16.135383280116628,0.4934004660898714,0.8306523390290497,1
5.656151278054754,285.65196718115743,12.139078882737056,0.6471079162079174,0.6782265324994711,0
4.168376584736405,164.1602158688566,13.074013536443491,0.12218388672445923,0.44231297718664275,0
6.751281336153408,45.26644950468586,21.36233951964874,0.07533298152228418,0.7737262945978273,1
5.709442545136557,229.66899373207474,20.277984265339974,0.04341863744807417,0.5725946110430293,0
3.5298912490341854,103.08763364674836,0.21981663027585885,0.9110074832345335,0.5439303709896893,0
3.2453193589116225,545.681946466519,13.923453419813626,0.11053473530744973,0.212884786049082,0
3.5184232711822783,409.19220221828573,5.553052002576051,0.10010265991687972,0.3309229392845785,0
2.2026607014869337,62.07196607298743,6.022112132530213,0.47706982443823875,0.5755601597016096,0
7.968502630379092,129.6282345197224,7.228469861721907,0.6136785801676113,0.8029451971498865,1
3.760337862398009,560.8165367287601,13.466084503988197,0.29571925307581437,0.3656091253856872,0
3.0938078987608546,140.29705860947982,22.661750531691727,0.7737782768691784,0.5466343185661712,0
2.7055219537313064,31.684380421387534,15.955280339339176,0.3956598836984061,0.4460657123103744,0
2.9409812820817547,188.68420490655822,22.477092749912956,0.6925124901857418,0.4841586730566308,0
2.2861826925883864,683.1874144826093,17.12443157493149,0.4511806536106482,0.182466732887484,0
7.650220153973228,473.1036556665107,8.406794168706089,0.9502854379859451,0.6437604501553678,0
4.056874337572633,338.7166702035839,14.563067872145988,0.4867370498405249,0.49090478794784803,0
5.472270629322291,589.8775608397646,4.5701570799517635,0.08471833655385608,0.5043202296527397,0
4.972803574668756,323.78324306896866,2.8664946653601175,0.6882312442868423,0.534038925187624,0
7.587744798786983,267.1162592594136,12.647106913077724,0.4832817555521942,0.7669511233341231,1
6.946478129910085,679.1043741166221,0.7804587025491516,0.21314459811477893,0.45250799763809646,0
2.901453223345301,26.263556907484293,0.2191981612202527,0.9866205696692792,0.5952601430471199,0
5.165173463130005,252.78543123884683,7.770376937116349,0.6874734819352711,0.6299610873820243,0
6.759231649795635,666.6499382116506,9.490015230340092,0.7312140933522729,0.5682665204657935,0
7.796791806010983,14.809346801386948,2.8838837280115355,0.44156845546225787,0.8440686317749492,1
7.602456045444827,189.13884072548032,13.86968182109605,0.7094209017162235,0.8003797385677435,1
2.3950441982528905,426.96046051729587,20.766833568933407,0.2941653828492852,0.33021342061065134,0
8.708437781262706,533.3855107126942,16.36240240627759,0.10536090352300342,0.7962992625535397,1
2.3343166020241743,80.01219376902755,4.686278348684401,0.49593593322594054,0.4542116379598406,0
2.4808556390626437,410.66303911498113,8.049389600646427,0.8903977510167045,0.27761584066369954,0
2.152504558856766,265.4439068288499,10.842766231965516,0.19055629052501122,0.2496534434372125,0
3.8779871744198617,145.52545644862897,16.393772704321908,0.3357882203956112,0.5502311380240695,0
6.419186980488432,429.47189721403123,13.324230857429326,0.26221750473015826,0.5842339127655687,0
8.468308174321116,205.64247499891655,17.863874940803328,0.7550881998246408,0.8845607643425352,1
5.844074878841905,92.72026486274991,22.593037051225686,0.8618977697111018,0.8208630301714218,1
3.069597743565909,168.69859753951627,3.258845499551181,0.3910598711375395,0.5208146183714424,0
5.08106050956947,391.4981539605486,0.5440678759275945,0.732858434655848,0.469331186257641,0
4.81813434439125,386.5517086142173,1.170372382622273,0.7606901396306175,0.41523160882326654,0
6.02096734202837,693.9048120869666,22.232142327982356,0.8654147246954911,0.5447463719312797,0
7.18236644413623,225.27953852254802,19.961964973397556,0.4147573506354918,0.736768217636415,1
6.424091727279519,22.08212384789998,5.659334420703768,0.10720206951988698,0.7874118544598533,1
4.425546484033549,412.6310490451291,11.265871639112138,0.695486956076128,0.5223820441025578,0
7.898729634524058,181.34777391261704,23.443374013475523,0.7896600825076224,0.8303815239711014,1
4.7423397400929055,607.6408615070566,17.14542713508962,0.9706816345486994,0.4266318428479909,0
3.518874411951932,41.27197284093614,19.395078437971648,0.15541185243963396,0.503084103138549,0
8.213890422642393,93.66754527419269,15.862088252812498,0.20107678342747926,0.7516278297954639,1
5.455800630298507,35.01120324524224,10.778890022668207,0.48407529400067206,0.6783456511946252,0
3.1223213895159043,349.01665589753776,14.927071350640894,0.11910429288399382,0.4083841944893542,0
6.78063421812897,486.3236196452162,21.631109600491904,0.527718759060663,0.5417483857435108,0
3.4761541231218414,101.87871200952121,8.160141626001085,0.8990659820500411,0.5381509487307101,0
7.727530774157492,467.17078459436823,15.323692648186109,0.44565902500739485,0.7276963091341038,1
3.2834835863457945,398.61300098459196,10.069253050109559,0.41003774279986416,0.3594512901977773,0
8.72089957650369,531.595687683939,13.94217123047665,0.8805763247875229,0.8393677615786355,1
7.120633660700682,656.5058068589244,10.481487718263804,0.9545181707572162,0.6155751370458884,0
6.821775862678038,668.5332532000491,19.92092712562472,0.6491945022895801,0.6157396864106346,0
7.188823598773594,70.46061340551194,8.488623273743404,0.4392973666739506,0.8188445450241463,1
4.125900126384188,496.3950538928595,17.246993632993792,0.9221259831576945,0.496206244728808,0
5.773286983085892,288.86856299447186,9.07003298483992,0.05094620209323708,0.6220160299273005,0
7.677050846248488,335.593278260863,4.570508913437325,0.07648997848199268,0.6734514320662953,0
5.98988872026983,207.186011318172,7.046616972675119,0.1289868047024092,0.7864023501537705,1
3.7895486736981834,615.7023535244247,11.406861932405995,0.6897489231737003,0.3057675047929378,0
5.773965480706938,290.9509722329379,8.017828877778996,0.5901876620072206,0.5515246843004953,0
7.63605405669086,507.8333263784798,13.747014325349193,0.8634711651198865,0.6917116436294812,0
5.422266335980204,107.35473795521061,18.505098103628292,0.9341983735189789,0.72356648168811,1
7.9652066657766065,334.1360327277067,14.721424532734092,0.7434411337041296,0.7839719415265236,1
4.73976603177802,324.62606639321746,3.440658061134293,0.9076989444470054,0.5370882894062818,0
7.561345925844248,526.7240319224943,14.757226904294091,0.3084228573376483,0.6170886848424908,0
7.585426478598525,593.0229401066382,16.802651969074756,0.6699367638143994,0.5441387353113957,0
6.5213158106387406,196.3162102916947,0.11161085287212202,0.22770175787181401,0.6866749446491006,0
3.6133381662937336,502.9559320351075,18.91634519687473,0.22196872575023308,0.31694506189463073,0
4.464398075741815,424.90840117194983,2.854426998280574,0.5848360392406518,0.4563502113665069,0
4.6244578160571335,356.2697701406912,6.882909874379327,0.3803326030666111,0.5162376904234917,0
4.805221739084716,678.3847141133017,2.8178686512970206,0.6512196612182811,0.4837499303166063,0
8.897625575445804,564.3230727130126,2.638303579771822,0.3539047933219437,0.6322172289812416,0
2.7697984821684587,576.6559277832623,17.4355330956172,0.05806846446873026,0.2784582169021097,0
8.06990296240675,595.2412759547883,5.43025296427301,0.5083510039842729,0.5878119773410124,0
7.45727804215543,19.653261794141137,6.729840802417067,0.10407864653323173,0.7124022313678066,1
7.407930148624079,206.4542927147062,9.870027022225901,0.8886240442124281,0.8519470351170101,1
6.099816536591409,273.23682514366016,19.617038506723468,0.4608327837958134,0.6822537171901902,0
8.061241575770856,427.40784404373926,21.77825489769704,0.48958911960101215,0.6326849933114962,0
2.7379322176170886,216.38456907505704,1.7248011998577777,0.8510051573304568,0.5383390126084697,0
8.152853783814177,546.425230377461,10.359540902967272,0.43574887463023626,0.6031705214857044,0
3.240060352745349,584.4382820903046,14.400279388769558,0.34813178632483155,0.31806550415355284,0
5.7240487352713085,462.6312448552839,16.043593686211572,0.22191629448555605,0.5283929934898457,0
6.572594034025988,29.41801062157138,8.17367507138815,0.3879411437420567,0.6886692812425378,0
2.6897564125645967,369.700997085929,9.553572193885913,0.284991631001828,0.3310413878906686,0
7.512968477776902,623.1722440159409,7.164410538357426,0.3467218934085736,0.4361750854648702,0
4.349963771526246,205.8748002998234,12.300500652340226,0.13407152402044387,0.4683575932012163,0
8.695748227556601,585.972428756084,18.512189470021752,0.16818074646254766,0.675897378989658,0
4.942145299372356,674.2854506864295,9.98542581856775,0.8359936072133336,0.4068378842883405,0
3.432194725716399,668.5660185297519,0.12353974013624214,0.909993967478558,0.2653072431689262,0
4.13440614865655,690.8607923846956,19.92586329966144,0.0372119724002532,0.3007673846814327,0
7.059854911700492,677.8159099599346,2.71274453846042,0.9798807253027428,0.627062612651404,0
5.052449676068718,496.7870172728006,5.217994244427172,0.2400905554481605,0.4860895213264319,0
7.501020571780498,172.94953956109785,0.11998824278219278,0.8731353906136508,0.7454169440899306,1
5.414778125456294,617.890787284563,5.333094591355642,0.642069843023577,0.4726556574465215,0
6.021060971280669,325.9405026091473,22.2205641316298,0.3199659260100307,0.5480123143404463,0
4.113727926683618,382.1192327540498,10.207418958564222,0.14961942583283105,0.441482584551872,0
7.346933695787256,477.1806478942333,2.5559594461356356,0.7099681148319364,0.5856998155778853,0
6.65076482754375,240.79478925114586,10.518959504253104,0.47283917477391535,0.6785324717549415,0
2.475395268082754,250.90499080384717,13.235780431598275,0.6809158108468994,0.31667367593212203,0
3.2320429634315255,270.73741595328613,8.792530784547244,0.3164369640048994,0.38075891016471286,0
2.2840517984566704,15.618780973220169,12.040570443923347,0.5526769680018733,0.5388193079257908,0
8.913336438967521,256.8886263936622,13.858940670325538,0.31437036055342515,0.746170388157078,1
7.404371887379702,10.611205606183598,10.853824410556353,0.20977020611430408,0.8831492515594727,1
2.418309160869137,395.8369615101763,19.935169382301826,0.33282706587846256,0.2982129993685122,0
4.333344265158184,535.8296350699208,21.096270382791374,0.7799356763561681,0.4478107059109027,0
5.5871424525777655,356.91437182972123,3.9156946958765033,0.01594681463030234,0.5478273689136838,0
2.1074644913320943,580.0805188405008,13.992658730034956,0.5224466392572958,0.25466126840795067,0
2.7095966509762937,618.1182012754969,7.188110385081198,0.447892960126391,0.24747094153600702,0
8.731155728510519,22.334124071345826,7.721971606408964,0.5775082841006438,0.8922162003833967,1
4.454883862716876,229.44832793762302,14.861889252600553,0.927465717913839,0.6659773051770219,0
3.389206760906582,292.3075240025185,0.15055283680635156,0.16426718794201078,0.37860470494644444,0
6.564845220187228,540.9670376989434,17.905161418461716,0.9234720660407635,0.6568226350759959,0
4.195383771801293,512.0634874158357,18.047020272062287,0.40557407360439646,0.31945009816779757,0
6.827832001825532,21.646069246332594,11.971322261518406,0.038459493651400334,0.7548636452592603,1
2.273990873234406,685.9386578300251,7.690643769257556,0.06880396552789314,0.21672081035155694,0
3.470948030792277,363.148093566108,12.983282174700477,0.7307612467331219,0.4290070339765888,0
2.17454841015836,438.9248070206938,23.889899446380802,0.5753808470789695,0.2979058051204502,0
8.13035350709384,601.2487405248137,19.243014782866695,0.8125859057906633,0.6679989519118318,0
5.0237295777081945,635.0154772965847,0.9965800755004226,0.7368013963467154,0.4545735401876446,0
8.472225317436951,143.66828951048058,2.7398290012257176,0.8163456252989632,0.8828171061091394,1
2.391089330344904,416.04373443764433,17.530367572726018,0.1967368169543634,0.24361474045592335,0
7.281198497275513,359.674701429124,19.976443358028327,0.8314767282349529,0.7499477536556257,1
2.8640542254677763,295.8955047477808,7.238308025135003,0.3472322261381935,0.3236000518289753,0
4.850169576627021,440.8430999952251,1.2649340950183658,0.09076088256690684,0.5052126055309477,0
2.929802565189308,146.60648991605163,15.461763545908536,0.9329998499062679,0.48908513919486146,0
8.945545832945626,303.9587670075508,12.964083552529463,0.4846296295668112,0.8263307181262793,1
8.9584314447169,228.8536912839649,6.301890585225561,0.29436780590543166,0.8444362882326426,1
7.258180262908466,219.84899817306865,15.650781211833095,0.19405747919574146,0.7461810811950021,1
7.209791828907142,675.5285328292954,15.851677016062265,0.19345506142283064,0.524672104759424,0
2.780839596701268,409.89719669252844,6.108771330267802,0.5590638284208727,0.3276301236532986,0
3.9562945211444553,283.7034994537006,21.664143622363397,0.5732551578961457,0.49301245192744564,0
5.027869327390444,442.70036938604466,2.815190748795178,0.5487472297651116,0.49429803549175794,0
2.47245255522323,666.4164034302339,17.093871780917226,0.5811097178497895,0.269623482142636,0
6.720001328418073,500.8578208828718,23.54337509042056,0.47636071132318414,0.5611521564190979,0
7.05464113704711,633.9886794827796,1.2120128656105074,0.4353262616224226,0.5351867461835471,0
6.777917073967122,293.02688164525944,16.034935402279757,0.528619961702554,0.6130578304726937,0
3.4358640353683514,337.24268100812117,18.392407112934528,0.29092815226837687,0.43720877047475765,0
6.120995332257602,528.577229930933,9.136916728792698,0.7788532202310208,0.5512135024965447,0
4.554155019069352,667.0011890363307,19.57027949618078,0.19037219888853762,0.3451436034289141,0
5.843702523742862,257.3049649897016,12.154827602060772,0.9140292023151301,0.7140026213445898,1
3.365724389593661,329.43814768308954,14.398904129892482,0.5335631576576024,0.4125390516585669,0
6.26878901532934,255.71552550763334,14.731058849402729,0.5442676512583621,0.7624749194453249,1
4.062041566085174,52.7198601151025,11.30558971632044,0.5946785692895065,0.6056914104527116,0
6.091930873491212,671.456017378415,13.273166364709546,0.5029031680508518,0.5503554506122375,0
3.3226221995121117,416.64500820863395,5.333711478304586,0.7459629366260491,0.34870111292524586,0
6.641157026487508,578.251582892691,7.863767710124372,0.8248448607492779,0.6423662517689775,0
7.906664533291059,468.92928776952454,12.956743873516402,0.08403518360719409,0.5574539164588995,0
5.140244340726591,695.5297376680296,10.792099147314374,0.9879899831423924,0.3755818135860708,0
5.334491346168044,477.2313273661308,0.5252519161569289,0.028419776409738806,0.3667786014971287,0
8.948787575515839,511.78955210330685,15.286561622672924,0.8443918776830559,0.8374193728597074,1
2.2218667000831163,70.07987225639312,3.029128830114159,0.3026967042685026,0.4617170329489915,0
7.8472779330470095,410.6720792243501,15.374346748260884,0.8091036186798037,0.7181376346581607,1
2.072743900215524,138.759303520284,9.298191119802903,0.18405795501784206,0.44314052033980267,0
8.411888517713091,303.14083697224675,13.694323361226399,0.6240880111978815,0.806993239454203,1
8.254269321772284,102.51421381352436,23.28513959479443,0.9895532358839243,0.942077587747429,1
5.691063414328099,563.1895770718554,19.564193191440193,0.76527071425397,0.4869157613721089,0
2.2869614919344357,238.7595877653464,1.742598069293284,0.37782569254980947,0.3609508140642297,0
3.771631383792628,34.848979969195604,13.566738370158518,0.8613758384958079,0.5512233868754927,0
8.585556448417968,86.72615523523123,4.674108005594723,0.06740825219900781,0.8297920720258656,1
2.56444728179767,1.520794034752193,4.650845681713049,0.7318147814985131,0.5320863836068691,0
8.587706022441473,53.24296107777544,0.8806312823410858,0.5374223106738321,0.9348379469198731,1
8.277045286897255,322.43244111538354,11.1650962153415,0.8261903548179264,0.7957917274615366,1
6.26279429186927,540.622386264598,5.946452775994535,0.27183888314519455,0.5456999795143969,0
2.8028658989115325,12.713190496859546,2.8434477562464533,0.26718340138917895,0.47619200368569314,0
2.636943334578978,170.95822325056704,9.943259455725599,0.44449090946172043,0.4444349284913908,0
4.736274982140274,393.0481365067913,10.966461236325337,0.05625435979944604,0.4554146218163536,0
2.860512419547919,373.55188613993835,4.211210496670743,0.12394680748337605,0.3022429995232955,0
5.680352181351219,245.72372736234738,13.007339916801985,0.02515635113883452,0.6360031837389712,0
7.868246675729999,72.56356073988401,6.78186130238851,0.24982173626323467,0.8209910900673325,1
3.8562692472507125,660.1168182791358,12.466505516168336,0.7538650700970592,0.3226418616280565,0
4.9053212613414,321.7466020300656,22.16830717934461,0.8722998533428081,0.6573471564142128,0
2.9345581010226933,477.50412870517005,7.3158263417067895,0.7196770876566889,0.3393177727566459,0
7.364919088801697,72.21891543627082,16.050642588880162,0.1715911912785597,0.715514079456543,1
5.396869462412624,426.4654299853474,10.710741624412128,0.1955275210575751,0.3845863798590112,0
6.283683614629766,109.2714751473877,21.741925095298694,0.2284536457335613,0.6536658542962569,0
2.9561126631076418,230.37809031207664,4.9913818791764895,0.8443152784835894,0.5010700746617828,0
8.116007916207616,581.8157693236444,0.6798089428651775,0.48256319972229145,0.5865779717125978,0
6.456772152695527,574.9184165863606,14.1991338107238,0.18723221410326218,0.4559033859083871,0
7.480387886242144,584.1275522991313,1.9305638851846183,0.032399493620822284,0.6333178949920522,0
5.600467988957384,94.69239967074806,10.247366673386665,0.7513702958618582,0.6574356261819893,0
7.384088169325554,614.1408518368694,16.718082823024254,0.8786616284244335,0.6204388264743748,0
6.42282801875983,238.86109404055549,22.244774036108716,0.8277182022239193,0.7044407468638085,1
8.922191153919691,625.4241799639265,20.731334452407495,0.16596516300031983,0.6858500011893293,0
5.371674247215011,192.79462684168334,3.628563068587681,0.8225031755542009,0.6370779597621765,0
5.989007520744778,577.8204825153094,8.28364844930109,0.4276457116585728,0.46198476134617067,0
8.114645833110025,427.62031976594886,7.081815816580962,0.6219815750994855,0.771039239033776,1
7.762798717537251,221.89077974212276,19.465935125178483,0.5202740437829443,0.7676527264191463,1
7.320428624271432,143.9379293878734,12.8182266160572,0.4996228864263973,0.7159424969900362,1
6.1211896872149705,209.96391752958496,5.8992182872131735,0.7276608712451803,0.6119471395096184,0
8.208296189627614,62.15153086538527,2.481199544390459,0.5954458899794565,0.866332652042451,1
4.369283372427839,482.9257407293872,23.925072030463674,0.19687642578048936,0.48857558710358917,0
5.62387808755444,439.03050042077166,19.98439782227687,0.49976840251996824,0.5224039830056716,0
6.128660593722783,227.3636373724943,13.204213862748048,0.32323986099853186,0.6031333928998948,0
6.687503958021798,615.1512322609996,5.175040561966712,0.46968815684759846,0.5334426809063719,0
7.324358273360405,562.3805708642612,0.898800295082915,0.31352304671120323,0.5558488583021585,0
7.840607720570791,102.87464694143763,18.39091194355487,0.08046232048348267,0.7976115974787529,1
7.257014816959803,253.09601179587472,2.826104095069125,0.0222105201681706,0.6726434275886882,0
7.152608897579959,655.3039729794845,21.38631881703307,0.43652506182541606,0.5488367326064024,0
7.174179964184222,431.22413769475304,3.754093535097483,0.24202584354653756,0.6426653620034661,0
7.885802039296971,67.33742904742462,15.072715100166844,0.9905071495870788,0.9281439990723035,1
3.3549773619890235,487.7419575797534,4.950602886157561,0.20388252514230165,0.31935676355682036,0
8.863354963083882,109.86104444791272,7.512758676230784,0.9596363779856321,0.9276017749900891,1
5.332883445867956,21.198529787419815,0.14769302973107035,0.8470416689501664,0.7084133651170664,1
2.4495258637845687,415.91318455131506,14.726571967634781,0.4742610553015675,0.32962037075695166,0
4.303034008288492,422.5793318054158,4.55172611493806,0.2678640199709491,0.3574316215229948,0
4.161834738045721,95.91028275355289,9.753244121741112,0.5821208420946989,0.6650439371395692,0
8.267866958249147,185.50370712759354,22.426743766695935,0.6743919225060828,0.899425892911501,1
6.628635628865782,524.6991875008214,19.16070568051371,0.17042251325142377,0.5161747277921745,0
6.536929422944949,459.804859663163,14.727310704961441,0.7452689561543393,0.6259274385181852,0
2.6370091374596347,164.65158378513883,3.6666187392952887,0.08016870250178099,0.41820991580028555,0
2.9625755369629925,629.5173833921543,5.0111893645988,0.8431856315061765,0.3346127980151098,0
5.40053941739548,135.86041788163914,0.5855698615737834,0.4884034600962057,0.6634588968824255,0
2.549955842531825,50.67579007351228,7.539387473425172,0.31450716742847407,0.5315285238068774,0
3.974052923412337,669.0036246319955,7.121346365893951,0.6727391091586371,0.31379334757640587,0
5.325376495221075,517.1396542539009,11.442620649637124,0.3049230726385843,0.39330042506429147,0
2.638177027159611,342.8831814271189,11.939545163922777,0.5383062368700107,0.40060634635816716,0
2.4157464391646717,535.3230425457396,7.008523674208539,0.7247789586405049,0.28356328937164993,0
2.504130099725952,584.1770032511342,10.065712990658849,0.8403074801836867,0.21970294862797707,0
3.7900104448948877,296.6205691690779,3.7936313773663644,0.22294476259937768,0.4473912701150458,0
4.638024465124154,231.27213388331577,16.34145665648041,0.6344824655938682,0.6330574372320076,0
8.599440919866991,649.6739448963477,20.267901004163583,0.8893477196098464,0.783935421870948,1
5.563379110461129,104.23900220967813,9.957262772448928,0.11044481939440598,0.6009570508841233,0
2.6741981285670215,259.4246668697878,16.75095479373207,0.7618427987354751,0.40327295561840115,0
2.7276665254331456,414.07645663151794,13.430057385114285,0.5135274752500979,0.35772553536819557,0
3.1185455055423903,688.2697374109334,18.770386692647246,0.9156022435405695,0.21834328746561987,0
7.898019053219463,603.2274289953772,22.423495103565827,0.7331279728326396,0.6415683262542777,0
5.423744979415559,497.0859393166909,8.161353671792519,0.052347521834885224,0.4635945167036098,0
4.848885234828257,66.47829249387726,4.035330060950394,0.2537317408290899,0.7221208163318414,1
4.202791774162318,521.43888592424,3.518104413638966,0.800922639095808,0.4177846879646283,0
5.274665936480117,227.35177353868613,1.2819268922054485,0.7231273482126498,0.6158926744434304,0
6.0123092598569485,133.74145043503756,13.406661728418776,0.832123702898342,0.7444110119552023,1
6.069386736413442,590.5377035851426,0.2922217403147709,0.10679702543031255,0.45738505007321917,0
2.597885481269732,206.07941542788072,15.481970716174256,0.3426420120297976,0.4076767148521283,0
4.0716329366693325,7.315948329409491,6.168570009933923,0.5299257185259083,0.5756206348975893,0
3.670129620212693,540.5950082953785,7.062137255446638,0.1768286457840148,0.3677403885374844,0
4.391073816477851,346.18359735852727,19.503833213876305,0.8069758631752986,0.5245533429875086,0
4.173652607642257,37.04213013539933,22.718194807489304,0.7057591084031603,0.6112715279031041,0
4.979247220372217,488.515365169707,13.663830210778315,0.9601685490373872,0.48629823779667236,0
5.634708405962958,367.3358951493386,18.3874007919764,0.2730263166364645,0.5679702713283177,0
5.674023472598831,152.67008422595327,2.2153813873408232,0.5542093724900476,0.6748624067163025,0
5.608037379768017,96.5472581100146,11.33934643118232,0.7428201174275918,0.6358531402440929,0
4.766674064437518,652.857897821908,17.130813475721524,0.972910100547219,0.3963467096267364,0
4.3284298278997575,120.5383534832802,7.886711356126844,0.07030484872805964,0.617428200146504,0
7.554900978343819,568.9784591215353,2.6607077485279333,0.7493900219076137,0.5977896137401566,0
6.667138865456733,375.23042062928647,8.181951589462749,0.9340850209967037,0.6458488491076784,0
3.9274347991281733,571.7760215743639,18.179755333135432,0.9539962367576812,0.40996732470043207,0
7.120933487126109,540.133282129908,14.204814219042479,0.9886879188786187,0.5932329574260116,0
2.4218093858188703,41.63077868667328,17.088881091656898,0.18603521485311325,0.5288197258816354,0
5.379587238929824,148.57832172672633,14.610330688254344,0.6218351783851439,0.5993497749511083,0
3.221293806357903,514.6903084688017,20.158047898126156,0.809651432578635,0.3926834757677089,0
7.982234088441203,552.0003991378137,14.194779503336644,0.32392027801326795,0.5733028974988464,0
4.049097131761883,574.3141463476949,20.994669572271714,0.7185263204865877,0.35439465771980744,0
8.899596864897541,107.20361678516332,17.77182746873428,0.718937841841272,0.9726229959767074,1
3.137879011787765,137.22079450513195,2.687342171258755,0.057718517297837946,0.372561949198686,0
5.377350453908486,551.3146531209119,19.384475711877883,0.9198104316050534,0.5439137309656988,0
6.862817533059545,634.4195331055441,19.43625931760956,0.5767767888166856,0.5045836610031644,0
8.149980183075305,403.2639630284013,15.61549535116351,0.6319442596349405,0.8321694747229923,1
6.9342757252378915,261.8509975099685,20.858020338101817,0.12230339562026793,0.60165709493843,0
4.286309051687418,590.1717525490603,2.7675317283615364,0.7017561626512783,0.40916247188774196,0
3.2561235961709976,182.39740124147647,8.291372183043606,0.046162858786355176,0.3757826024874391,0
3.2319874332084826,670.0742219547881,11.659153887472357,0.48210036112091637,0.26704207886091763,0
8.383750218846203,644.130988329087,17.034310029649223,0.3813785014641642,0.6984587365902417,0
6.279624096789124,653.1424939870287,19.398225250482604,0.2302141117284794,0.5011619751389843,0
2.5184461399091793,56.22694755621275,17.655329533028592,0.06579700796947496,0.4066531735396841,0
2.204150538503863,158.42816350228688,8.435259278687631,0.8762661143876546,0.4517611953143713,0
4.699366609757079,466.58880528467193,19.599575168451864,0.5569229057332814,0.42377456886013154,0
3.9145944097051206,200.04091936658088,1.2448680702149515,0.7257800153359465,0.5136257394986268,0
6.787166178858847,364.26573341303396,10.07661348526731,0.8042749315472317,0.7357025770317505,1
4.288490572532582,382.42663772144346,14.033064843436566,0.7682491265371542,0.5347172419982523,0
3.7373269556175064,373.8077300615583,19.426910720997338,0.47092471479076314,0.5064463761555,0
8.161451927423734,107.64191846832675,14.41870316322246,0.5253338377700806,0.8057528128768437,1
5.306957348318665,323.43955489914055,14.3770931137942,0.6879495620004797,0.5417663620562122,0
3.2169933173650898,588.1328477914741,0.5216194281727677,0.20489540920719684,0.3903270832745202,0
8.50749287560844,225.0661480397755,23.597213060813772,0.3901390085209916,0.7616295056909891,1
3.899782640775328,153.51856810097826,23.779304759794236,0.8618806151490748,0.5860673914101421,0
2.763609535135096,622.1551041350385,23.780504931732693,0.48658229063588676,0.2762896054711717,0
6.915069785142938,389.2879266391966,18.68876338205122,0.9237596487846297,0.6716726898102989,0
8.56440295635439,230.9403279330175,15.163573323225387,0.2886242577891348,0.8429932078748801,1
8.31861191745367,280.36178446940335,23.443912160273438,0.26639884009387715,0.837210023353868,1
3.5107517682632032,48.54780067671778,9.014653062396675,0.25040006803742365,0.5454262997377688,0
7.562028810535083,10.030736665501076,1.0076255938109595,0.1698088067210809,0.9097391074006119,1
2.1247836601520684,390.56817429543145,6.069032860607538,0.7258300352834647,0.36178052666621174,0
6.303112821004679,639.3569331332665,18.98226316679085,0.890734183077856,0.5688439871597002,0
2.585952502783608,421.07327643979056,7.454448091182481,0.6168431569494717,0.32124577191938264,0
7.216285325002829,680.2335787604541,8.019086734752282,0.7962168052123239,0.4875008605459112,0
4.836664606006185,205.39572227477345,14.53577435709559,0.522988492478335,0.5252822707425966,0
8.19919609698357,301.74135954305433,5.074767872131195,0.3405898754667078,0.720050802175622,1
4.867995867086609,639.8901286545561,17.862827849534924,0.16321760615613357,0.32939809073062404,0
8.238056417281246,527.7643307546442,10.507200806928186,0.6130994772441498,0.6265476835383631,0
6.802344703305589,142.4972249141745,11.115051278332778,0.35391313548513104,0.7390279593126611,1
4.3036948829118655,159.42200653898115,19.883942484844496,0.6664759414821348,0.5915466706572813,0
5.4843136744863905,397.76923902218954,11.646418145030172,0.19370391286002864,0.4822304448545896,0
4.003264687263312,580.4301385844703,22.565500376963513,0.9104543962544445,0.38768362059854256,0
4.739024150795791,559.95421634423,10.657502621681964,0.9105362079456615,0.3876408616407921,0
3.089018046922769,282.4002698276152,16.613326579264857,0.16190629255610678,0.42655426888027487,0
2.909533422183861,23.95620156248548,5.486075088786786,0.7804540937167543,0.5965394943097616,0
2.722927751335069,92.36618460914515,7.739177980888221,0.703920515746897,0.5318631066557242,0
7.618714914002183,184.27602528143788,5.388982860452048,0.733811405484456,0.7724724079780197,1
3.362696158322423,457.54918114521075,11.58467142323348,0.22390054063227816,0.31836980009197785,0
6.544168212181137,566.5568455744693,7.632964693813119,0.558770041759872,0.6473257687377052,0
7.128235741213791,26.71559799432332,22.30575935695165,0.9782420715210063,0.8269159510208186,1
7.623542491949437,437.28303881293397,0.28726755126892556,0.561186063000067,0.6656481992139366,0
3.16235915055945,28.174758458802447,17.934124198457134,0.8995132572024134,0.5828516960763369,0
7.306601990227352,568.5026942926464,1.842374592130021,0.42901459698015243,0.6250491280105765,0
8.279602910130127,170.40672760812848,1.3525442708660327,0.7627160742678225,0.8673664813908061,1
7.7249025070689585,588.953811359565,17.837339128701146,0.6138671386369735,0.6335640356688063,0
6.70740562245103,231.1488935113737,12.44801043769625,0.8509181911601734,0.7169827645403275,1
8.503827366502097,624.4833752013121,15.11896910664705,0.9712370539687248,0.706115424438287,1
8.076388751049517,269.15757628003496,6.797408591842103,0.16724514893301934,0.7515528781602272,1
4.312576222828561,553.2476126526069,16.58875908496841,0.9348466080024852,0.4543825309173929,0
3.423041822235955,11.282054033803094,13.670187636895097,0.9583222985937304,0.6614266641589039,0
6.172656178301108,134.15224804259913,2.465165737666827,0.7343411564202347,0.7468976866611882,1
6.637006480710087,305.6841899022695,6.012191485268912,0.8876718434154492,0.6557879387927704,0
5.966491890924013,111.90430290370634,5.657320900608538,0.7439452238099503,0.6826291934236325,0
5.574264587328073,288.1542536697981,2.206043463275546,0.39194780027914866,0.5525602736227869,0
8.806457003167427,377.91338139881816,19.198605741455243,0.944409262554075,0.7625243583086809,1
7.252976896842478,639.53827760052,5.281322261584805,0.21484404111110555,0.5911875574156102,0
3.4057817595916733,241.8565587085579,23.260233119060235,0.08057739625466953,0.3979506517589431,0
4.735904114792314,244.852203686528,13.971691633505172,0.9910273590026331,0.569634274431029,0
3.7237340473923397,686.3081635430159,5.16213004098798,0.9929568952469066,0.42671436054863404,0
5.244662951085407,646.9019727265894,14.334306697976356,0.8103126003870903,0.5838270561997314,0
8.70446222351833,10.45310014044524,16.244677125740502,0.7062524427346067,0.8767470658113515,1
7.341335338174362,580.7937674671265,21.504744122979485,0.9101594702308048,0.5973868796700226,0
2.2972442039524434,218.97732456527663,10.835179296339732,0.29715124236159074,0.378212470554102,0
3.994120419568576,155.5801515298255,13.810805853207043,0.6762534482016708,0.5753525361798272,0
6.01116257695143,294.79463177792184,6.025543669717953,0.05078192829702388,0.6511478765136482,0
7.263603355632218,249.8905804792178,5.094687713859112,0.033389643070717456,0.5894803988260203,0
2.9972744752247693,619.9137770097682,11.24192923025955,0.2865701075839694,0.2090187737594839,0
6.80879306944854,543.0166640516279,14.535938276020572,0.7036252024956312,0.6463809636891671,0
7.144486338670697,537.5406929223836,19.405283883271682,0.7552083674668105,0.6204667119717264,0
2.7825697735035853,534.4111853377508,6.979150727302325,0.932918230293422,0.28915611871935054,0
3.634456992507668,179.30724521540012,5.558063855424264,0.04936886754464398,0.4439486593266765,0
3.4895033678057725,34.03495474548258,17.00786954947486,0.033731863631923265,0.535079918386714,0
3.8119870860384495,77.8740984511387,8.86817406765411,0.7183956265532225,0.5586037137652017,0
2.2847778215761485,577.4717097384506,0.5290555911205859,0.9310019561541204,0.2648514408169016,0
8.869182141374143,371.4545491390996,2.7072849508408288,0.4478274996684922,0.6987068652792875,0
3.255556030597419,173.2441548095987,19.135059448654996,0.07928547459559787,0.4244457219343137,0
6.46402915834624,360.344030702253,11.073649992964157,0.7685424608073711,0.6834705111204383,0
7.255525659144718,626.7218501334409,9.448008133727068,0.38884371230702686,0.6427690135596887,0
2.693815963129008,594.2952255897932,7.980535902067067,0.19932765824481202,0.3007486923345947,0
4.608681406803906,292.1061439677263,16.13425344334364,0.17328840175303795,0.565885196161737,0
4.92216542565874,323.1500861104072,0.15301187232933078,0.28075168514422744,0.46061070491224526,0
5.44487118027587,119.65405240190373,9.027068037868156,0.7504655563926727,0.7009194492197371,1
3.014879985534589,137.62569979663914,6.336810061265973,0.47005559978432343,0.4860442282016486,0
8.454578976992863,216.8286178587941,15.755325390768048,0.604396400367143,0.8631550840887822,1
7.458019150804587,318.1116833569578,1.0373433884182806,0.5471618498982269,0.8173143394036069,1
6.830580577185273,58.99075846542552,10.96376723549912,0.879724525674268,0.7832557791603836,1
5.307478577596983,357.8970037221122,6.902885178066767,0.1741412539440419,0.5029221608888667,0
5.613396979920889,622.1148430503741,12.13867668566388,0.20686376750023916,0.45162222316600154,0
7.840153120690286,50.49636530999236,20.90047343788105,0.18231841529124548,0.8138206953955434,1
4.7507683083380785,651.6637637561971,12.885769333387321,0.132776662993356,0.30950171667361737,0
2.929934614988329,318.7522691485211,6.921885322723671,0.8189996235286383,0.4590757930249982,0
7.2812688431428505,190.67898984171595,20.00783411191255,0.009505724504648594,0.7060163771392035,1
6.5851921810805525,96.7425527421524,15.723723823598114,0.2592290623482202,0.786229345019011,1
5.6660693966470275,72.57799197812759,19.39911980481846,0.4127012392222368,0.7183087011601348,1
3.489460209641299,525.6540954706379,11.093841415525697,0.15244320924146015,0.30093393220838793,0
5.1514603359272195,57.121430676287034,16.464723959135256,0.08535971588961011,0.5759596666894701,0
2.141414395674985,394.8366512011942,5.261429694327301,0.6717488964147171,0.3175993027549012,0
3.134105508431914,553.5031611613178,16.669718417683804,0.810702713550787,0.44118777100212314,0
4.024548062113216,28.607076995235836,11.206947046955282,0.0036855177933581285,0.6350655534163141,0
3.8863942625228183,85.26174221717234,16.410861499186797,0.22030239734572488,0.48548035674698137,0
6.788327439133939,571.0158274833872,15.548005495316449,0.29071181082877884,0.62924442908927,0
6.488719139618601,589.0557174359514,1.5882681996728767,0.841842915361314,0.580972122310706,0
2.535026746392712,65.03414466110651,16.230993667740538,0.4267929684564482,0.5376389667988001,0
4.8053053451243795,447.8707030106934,0.7394248339225689,0.6319426459960314,0.5484941959345668,0
3.2980408323327146,10.76229968217115,8.189564046269549,0.49311162643144146,0.6586472926341798,0
7.97459416492967,680.5471696409792,7.3759690320251625,0.5411298191800306,0.5661890096250647,0
8.926279871365757,638.2574627947613,13.71966575309595,0.7451172250765912,0.7196274513341084,1
4.887453606095262,9.183149960155204,13.911193344330815,0.7451510834925243,0.7196569460260744,1
8.99360174135948,70.84682180810525,4.115373273014837,0.16757804533408494,0.9234851961692897,1
8.176540269186964,242.08022013066503,15.63541521896817,0.5457680401290393,0.7829333692997241,1
7.0723143877203185,282.7968501367129,10.54244564750785,0.5370234986823047,0.7040957921740513,1
3.1304356885372195,101.89067516665769,11.487912158948461,0.839628508041941,0.5634087186049027,0
6.294552616187097,308.9570320760111,20.332591599241752,0.014294535328935654,0.5857334767223793,0
5.72301425820684,59.66893628653285,3.5747702811174484,0.4550540298798601,0.714284107398962,1
8.053411728846893,250.72405852579286,14.917928186304525,0.04540466117480124,0.7615256850251693,1
4.640028318615976,278.7067851201771,10.575486665694283,0.6511285028727587,0.5439445494299218,0
6.020918588001495,352.75255706067344,1.2865639417966124,0.8606381714857846,0.6465239328400227,0
2.709779918896184,188.9474676655006,0.41534979229358715,0.596194704675022,0.43011462166478676,0
4.2080685907047055,551.6499212535641,3.426956373569955,0.22338934368745078,0.35776869017773993,0
4.559582134411519,156.89175460509136,2.356152285345618,0.6202197783214399,0.6108074404158937,0
2.360131391768139,569.997563385045,20.36615771183018,0.9758945304856371,0.36726177589006925,0
7.39422121195011,436.57616757005167,1.1230504455301427,0.5827756999804077,0.723040097887839,1
7.134329187894084,72.21863207083165,17.033898304561436,0.554604910271026,0.8133345424015653,1
5.343669411681018,17.30591242152701,6.223014965629355,0.9050599137273346,0.7452827919440882,1
8.294403267717925,628.2217668477599,1.692884961594613,0.9211996462565881,0.6899769304617915,0
2.9756805422627433,213.59404123153004,21.472485048014413,0.39364825028292205,0.508175053180599,0
7.862812971504452,551.0258598332445,12.637343123660745,0.9797775245625002,0.5941253628555936,0
3.6197593965543,254.15915661394834,7.912159425256111,0.1619674843559471,0.41900516568005236,0
3.845747487876223,544.6493663136584,19.16532950769524,0.6575054310314529,0.42142796821889383,0
3.010619922791972,598.4606241349808,9.645234520628861,0.5633972858461617,0.28329561235890655,0
2.53212986214301,564.1866349449704,12.111531432600579,0.07225590136456828,0.17645261019076586,0
4.447445284962814,619.2584781567875,10.04218893670199,0.5271639936905177,0.40773854697515466,0
4.651913563370016,411.0386166584073,1.8642196239218327,0.5165502363211928,0.46758307203143196,0
5.609376930185508,379.2896156551791,15.510113450744196,0.5028093622658635,0.5525138472279402,0
6.5892646639866745,78.28777027507765,13.297068555877905,0.239525329715376,0.7761239581358483,1
7.254726746135324,246.00546512933346,13.849186910851927,0.2378422594016224,0.606168962979299,0
5.6758331891069815,458.5230884895175,0.6827072737977495,0.9288659111116254,0.5624278842049427,0
4.771516397376891,636.4910406337283,10.104342741629164,0.08517830472415155,0.36513050447279827,0
8.966749891383596,428.01460660932554,15.180946096811414,0.9891226438850207,0.7545522072146253,1
2.4402762429433853,245.56527975419672,22.438096426581332,0.0018609688177803063,0.34017304710169877,0
7.321221108425869,346.69758949384334,22.3268342706086,0.9860593031926874,0.8469230449620926,1
8.825262579215373,32.782679604914975,16.86256373262094,0.7990456827550659,0.9434066868192733,1
2.373167037911803,463.7211155260525,3.1822045186961265,0.4009489808548591,0.25160090339955055,0
3.308745723043497,570.974000966817,1.2343116896382726,0.1728463180869041,0.3168978596767596,0
2.4625020436692076,499.69541551466824,13.24235357089806,0.38344468072939397,0.2992877211664725,0
7.866379341183449,527.5757491559408,2.5172437582657867,0.1170695559852365,0.5916813649254804,0
3.408367252791156,458.04421947398595,14.74519211920071,0.9787194939811766,0.3754572469604499,0
3.143745288506032,145.8307007887095,3.7850461199037015,0.9498520496732593,0.45497857987302426,0
3.25953793699232,107.21840935708029,10.347688269533878,0.22984160758914196,0.5526028120099457,0
5.463985734617511,199.22280979449937,14.904898412963497,0.31031411099255457,0.5819477653760323,0
7.364824675845226,624.3143526692313,21.028539804909727,0.3414175465370759,0.58655485753287,0
8.158392821161609,600.0236249764016,2.213943349971456,0.5347946241751619,0.6153136788919178,0
8.987613484123337,424.00296190822786,21.312107106728536,0.2580391580715634,0.6857274916935984,0
7.9663826324247875,296.0126700180798,4.504444643157767,0.35075150392594423,0.7508310769811579,1
7.174704221628435,73.17943736824628,20.900691507406282,0.2559514533732302,0.7780706170564256,1
3.1039304076820633,111.10533488824443,9.67378179399777,0.5320661192119281,0.5187419869919986,0
3.7931686459923837,485.61050504606567,13.486156532074949,0.03859823272254859,0.32169518241702766,0
8.325630874430509,50.02353408155076,0.826167224817401,0.6105776454487813,0.9018555694191467,1
4.369207964153547,84.00123005668445,15.55659856748341,0.3499089612278815,0.5864122644906861,0
2.324621467837028,225.2303820317112,1.723172030850182,0.37840582034308134,0.34873980462841175,0
5.235934736309573,173.2660780622794,17.987252670230767,0.02526312663931196,0.5224418957315183,0
2.8915673575092318,252.33764198988425,9.160700192707484,0.07721670644538614,0.37131989856911374,0
7.516602555428387,614.0887278398847,16.534433674702946,0.791747554288314,0.6259146054608006,0
3.972451416735109,346.17098282711373,0.3781090303209007,0.5461303378047508,0.43138143189640515,0
8.525015322784057,652.462417071643,4.5614464516694975,0.5877339092137273,0.6859959853414783,0
2.578974763308811,70.24777061611535,14.198162923701751,0.03630465035087427,0.44843844893163626,0
4.275255097148598,578.544877290235,4.215189534127841,0.07582065839113472,0.20238398924658776,0
7.802036643081524,552.5329584717217,16.423703627644393,0.6067095345688989,0.6369887230629879,0
6.946310019625915,120.04020324870484,8.851081653465084,0.6833953892376133,0.7622072064137154,1
8.616195356068717,161.5786746682606,3.568190880380892,0.43846027367241436,0.9184901843259446,1
3.187876908647279,219.24097726168455,18.381133028413377,0.1557618104114552,0.5134947548763055,0
4.0740885226031995,488.73921973942424,5.810192448675734,0.2494316402037572,0.41436059860584035,0
5.914060684367675,183.08451010525624,16.15729445849143,0.8641560057392912,0.7858448424910924,1
2.402219861983132,88.9537208559833,10.477337963274703,0.2989033824649654,0.41581287786724014,0
5.7734718182966915,320.9830115237619,18.61107242042175,0.6114409978777083,0.6481486006008181,0
5.112331584362102,371.2993409543778,1.3514728381362042,0.24058333128331721,0.42837949387917834,0
7.067723562923092,466.62881116500654,15.264110969391151,0.11817333492615911,0.6928530122503145,0
7.4663475273477085,308.4555693697683,4.090601631602095,0.48697899062176797,0.6544415853663784,0
3.953829711423272,361.89413697072575,21.972828453347372,0.004992959287547727,0.4023233844351524,0
7.350745332918816,287.0242091742074,4.391645899154425,0.24267996824909344,0.7403629772656048,1
3.2369155017775437,208.95944495414287,20.364836343335497,0.894962576565837,0.46579644063887116,0
8.437773800444646,25.66939309816441,2.5041198182942983,0.41789301423539216,0.9127677956457096,1
7.819035747342609,118.77698734599257,11.098950188324423,0.3844742965773741,0.795796551142575,1
7.1192616540791835,355.20657954012785,18.683100399319258,0.24149466177945667,0.6545348778501017,0
6.368723102753985,76.52017143404916,16.91058169950189,0.5050218552768307,0.7202199408194627,1
7.830301312339228,579.8474706932353,3.993597968410639,0.7587710877001053,0.7031771839554025,1
3.937519412264379,7.020323361877666,17.284029681890118,0.23728990857601961,0.4650656399825738,0
6.604051854126769,609.6168647314769,17.86741766472395,0.7226764764027213,0.5726392258480294,0
2.3182928834999585,671.5902941172507,0.9885381324166227,0.8287951682708896,0.24192130621637825,0
5.149015805307808,34.58438139678201,20.439284014341993,0.5703593559944067,0.720839632009401,1
7.72940872306431,361.67822221639705,16.314170901386504,0.5098007459801548,0.7534170722292542,1
7.022672843020693,74.51405062956151,2.309905586572664,0.08512277004488045,0.65723499811316,0
3.146111164479076,192.13132922374956,4.791182402033588,0.018672159873956762,0.43789240874769525,0
7.453193642043843,244.83149994411633,12.419516559210102,0.26854052936961004,0.6790527159785024,0
4.0489281417174725,481.0479840531812,1.5150865796476802,0.4746951015418026,0.4296324571986997,0
7.507689126170243,613.3742090365156,14.80854866729872,0.6409779093661291,0.5515736026138771,0
7.583861392384679,342.17149830189106,7.004198850252292,0.38174356437699664,0.7317480695136354,1
7.970199005056767,282.0474982536442,22.833868708600473,0.9921241346529217,0.8232592426866603,1
3.2463059599584145,262.4912489000622,13.695112240373273,0.574704258511654,0.5120701700548188,0
4.072743660290449,114.70828441141586,17.68734188528849,0.9422414129274277,0.6993404883505951,0
3.6570193977421708,193.1889931893067,0.11710780801193543,0.3797058952354522,0.518478669125806,0
4.668971296964459,148.95120263177714,0.39459553707622064,0.10074496561352064,0.5491276455875991,0
6.138812999571227,412.5568676191307,13.170737360531252,0.7489300680478204,0.6036097537837698,0
2.430601043859369,150.1605102702625,10.618620168929684,0.2223206487657119,0.4439040743785371,0
4.046200651312416,89.74355048474246,2.0588712570406598,0.6328273465780901,0.5917378958837103,0
5.118512529729192,430.777062384138,12.794089326809134,0.46343558616350944,0.5952792741937296,0
4.590135696400393,628.6814519825457,14.690867096261229,0.16854493701802664,0.39916384493135265,0
3.4939908429404776,567.4215253844819,9.624674283716201,0.3814149544633114,0.4048208510045022,0
4.490888742607769,640.712839329206,12.073177409345202,0.9324712802979525,0.3682379244614832,0
4.5308641232879125,165.7319083912184,20.684254750030277,0.760674049592657,0.5443384099173643,0
2.063804558917539,114.50269300536075,5.045491914719563,0.11060572578341232,0.4212726469652486,0
3.3391993470600996,291.6700688021778,19.308793766790785,0.7580940129945359,0.45612819239367774,0
7.123185965248653,579.4257829407495,13.15932220701536,0.9900520261758405,0.6874120319960323,0
7.7127761303836975,343.29616119129224,1.1643795284238827,0.5932384812454937,0.7156890019564327,1
4.053797179786221,416.2665944936273,3.9417624359381884,0.7432425116353997,0.5255172036290505,0
5.967970690778106,445.1981670246387,17.942779488734626,0.9001484007337731,0.6972444191209413,0
6.970816846107941,467.3247756381638,2.7539506753021197,0.6616116573963131,0.6389463026319456,0
7.564918088254078,10.403595757587588,10.534696735844404,0.3785565131895572,0.8669783439474559,1
5.1470119478692755,343.34613493040547,17.75340674792151,0.2765092181582963,0.5677654361264912,0
5.2764158908577325,608.6331904861557,5.592134915094933,0.7465547847798673,0.3568900280702067,0
5.377229733691025,62.077080525608544,11.931511304973728,0.9725515183605906,0.6821812424029797,0
5.062336525676612,58.16331381605858,13.203983022681776,0.3659774052428383,0.6372601790552496,0
8.343683896849596,264.65897036097647,4.346828526302055,0.7528915648352904,0.8709192217739755,1
5.9126293666055725,98.89566213315119,10.857465173494727,0.32076466024673167,0.7297584483717027,1
8.419007261470192,483.4514100634621,1.5661623769359139,0.9878555615539578,0.7201642679496741,1
6.05281127378796,433.6152695024663,23.34801442258513,0.5696320393914373,0.5711167424480068,0
5.979832590881891,668.0933118815637,14.28746188144708,0.8360583829800746,0.4389783561459581,0
3.68464788596941,229.8772743542804,20.818226839395894,0.0679677703989574,0.44839311396581155,0
4.037962412190792,40.577342641997475,19.300188646026776,0.6975361502646527,0.6411682187956765,0
7.82141575574763,330.8219767509953,13.126481366725418,0.41894276232546557,0.6723686383391331,0
2.107132665321278,625.7529735421731,3.948252877033294,0.4517679517744727,0.19047043558989246,0
2.0202828262049275,51.12013997166249,7.116668369151176,0.6265952094081306,0.482576324981847,0
7.2075537483593,283.8117828458258,17.86174113074555,0.18597824813328356,0.680262069883416,0
2.464964173658092,602.5391090391774,21.50109573327498,0.0068039493517432215,0.2193806770874152,0
7.196435696587849,256.1513335443052,13.325107086343138,0.884243103748912,0.7553343002282163,1
7.71362563082824,440.2839359311122,20.767029682525237,0.9157941499818724,0.6714617548856561,0
2.1547936941338435,208.85002973030845,5.082110314856031,0.7645673717512587,0.4075979532065029,0
6.788843536751451,158.3116087485138,12.303924241447458,0.061319024943137124,0.6385872288766428,0
2.9709553647542934,19.43010855203806,22.7969198244176,0.7679944737699723,0.46939185092912017,0
8.714595901656129,562.8058177175118,22.197094852919196,0.857488238637099,0.6805534929405758,0
2.0127264810566574,291.786888831005,17.201472481407762,0.30026753548437,0.4201348488013962,0
7.954995039265507,34.89774275688939,13.150359236344771,0.21736147326006683,0.850615842828406,1
5.703820464747137,596.1470439857973,17.65894244249631,0.4842159552288018,0.45031524278561036,0
3.584146014182354,57.95747025555859,23.12818372178612,0.4600392299346783,0.5599784433393084,0
6.410397272822956,675.9794892167896,2.532346097723817,0.48211247100563537,0.5030652749485724,0
8.532468793169397,367.80404777142036,4.631713779572235,0.5812011782774025,0.7964306526261227,1
4.4690518850710665,419.93807369821275,16.89411819156014,0.8286046721443026,0.4896668502214986,0
7.9574976277403,348.093845167348,12.541083411910162,0.4732649694787374,0.7455768713664135,1
8.140831255049026,239.6306241024159,18.094863024598673,0.5579733793239723,0.7944143539947364,1
8.752644453319405,680.2950231080158,6.4190825552964155,0.751674509545791,0.641154084139493,0
7.210786015695317,459.5028379329679,23.675110031326266,0.4627726485821495,0.5740136098549701,0
4.689838413322299,310.19821915174606,4.667612273838532,0.4621293027851019,0.5242098948127487,0
5.410156158410873,335.2076879038004,4.531096133102223,0.9950796615940389,0.6641900838330042,0
7.2052924802182154,678.8514511589101,10.918198034080099,0.5433003255907256,0.5557752165393672,0
6.033232889914814,602.4944685505011,1.3761851164186822,0.6598334261898763,0.5700202898726672,0
8.182071030433985,191.28093361723901,22.85856400423037,0.40235374508524624,0.7429366440756943,1
6.0555954357882005,471.734790699727,14.550046174928426,0.3245010810899839,0.6225367605425203,0
3.4552795903722773,581.4867488224219,14.853763624216686,0.7671062301348347,0.31933252090493985,0
8.156800589432125,63.19117041184966,11.464292568930698,0.6295867022067647,0.8696062829669882,1
4.863418709140623,431.02308132896167,22.01738707581183,0.6717376467149127,0.3804340266106333,0
4.819072194955642,195.0672560272981,9.389062951155385,0.36607988412243575,0.656820137134579,0
8.795039207647894,543.5439679662845,10.682259519198752,0.7732329191510795,0.6969265828517431,0
4.138623650517776,126.71145617520285,11.28877711783544,0.031007776302615753,0.46985186841315746,0
6.575681214717168,88.5395164766314,6.15607429145775,0.5496347412340298,0.8422778333921607,1
3.008860650617038,583.1501213027852,9.560695841742454,0.22377294632546918,0.27467822483464505,0
6.900728914057462,67.17644274068904,6.490748545307762,0.24545978788010658,0.7509487917230001,1
7.3582447557500785,266.8175686205765,19.550994303706318,0.08912777977104247,0.6401901357566862,0
6.901996254154483,670.683300302876,18.23270167015624,0.4068454039216154,0.5169964767358926,0
8.321193873650355,81.31205733572672,10.856773545607268,0.09036743672972436,0.808108922688862,1
4.432393343501104,237.75325487114594,10.195386610743835,0.8646321177343969,0.6044103333032234,0
4.880057539999688,82.04060957760572,23.65232933779683,0.20838528901483722,0.4755471335478999,0
4.6701096138854385,354.0715011036902,19.94739975538754,0.42580347920286,0.5304336861022229,0
6.55830832264408,266.76298230085416,23.83974874234884,0.1167543104075559,0.5802382848159628,0
2.2003459669483707,395.91597670408703,10.782967142282907,0.963131419056645,0.3760961331108451,0
6.9484301685868815,556.499309573322,20.47098998759332,0.06114273216609101,0.5859782102973526,0
5.074751582040752,48.36500297440031,12.784550800860018,0.932416171668576,0.7439056828831616,1
2.028543339442765,590.7897671903257,3.1749792698081816,0.08197741921716162,0.2113975271405528,0
3.950537897977321,596.6863262842401,11.048988333898363,0.46365274783544086,0.39438052358641523,0
7.5189525909582695,348.13793214269805,8.244018297130754,0.5035246321006821,0.6490941437906548,0
8.162907456407517,520.9799439285945,23.411660353016643,0.4248269075378909,0.7044949458422307,1
5.785463663431546,523.6441685020321,11.064001790109383,0.08179890326680361,0.5341799281209124,0
6.3276154802554565,165.39857245191186,13.3421692315016,0.7429181613795811,0.695116143474205,0
5.172206929483622,357.61523381143337,14.151209536745426,0.13095884482316322,0.4334812589784145,0
7.449545715423546,119.55419805098703,16.522233419533983,0.2129779355329835,0.7724526790872299,1
2.749291424937469,187.8711677020838,19.60857671227156,0.9947828189504976,0.5357333622881889,0
3.3432432554288356,223.01950641947957,9.791410382539528,0.8166307569837044,0.5517469678618602,0
2.26793128338484,544.6626005989511,1.7220232198364398,0.4014440527937815,0.2039025399899253,0
4.413344023172851,114.88404179929968,23.0190685206758,0.3010778318233005,0.668664626609466,0
7.971198118136696,408.85132496315134,5.537749162149744,0.2892412279522545,0.6832705330375779,0
8.638043598914042,139.12430605062497,2.2188697091435383,0.8609971250284235,0.8878908089059738,1
4.749782882544629,574.2138278759476,0.812577441118914,0.17477224731510832,0.4646061755045439,0
2.371474920263984,263.3843625925865,8.400532697732437,0.4949676345380216,0.40207240114907417,0
8.695618840387137,284.3422916292432,21.09704113967075,0.10821723574707864,0.8512927679522094,1
4.826610328905673,575.0910936495399,21.13673372771067,0.4690355534510434,0.46942321421237854,0
2.877495959584902,670.9354822542333,2.438904983052465,0.5628237883529891,0.2201311945486333,0
3.5102860946865264,515.5301232650544,11.159092008345805,0.6499509742884365,0.45506923789475245,0
4.147777933321707,369.38274256015063,20.417501645325416,0.8038034311396544,0.4332409814888715,0
8.075566043866768,573.1210238036992,15.977611668931079,0.6396633949553397,0.6670959006594063,0
3.0369917975407015,624.8292647031494,17.793243765564675,0.6329670839301553,0.2948286427139721,0
6.107186218937677,572.5418205457369,10.302807455298078,0.17751788319059225,0.5143075778962025,0
5.181235357876245,652.0597219628937,20.883346949256723,0.3822147844936912,0.2926190300367776,0
8.445018723922527,233.92566500298864,17.175050650003133,0.06749553370668371,0.7387099029231851,1
8.820342246755292,460.23823781095336,12.334524574420819,0.2765037677400265,0.6597396663206371,0
6.004974907823165,597.8817116757733,8.14225039061511,0.5880523496589048,0.4843135753641447,0
8.990405207377545,620.2396937469756,14.044611764405948,0.10602226573133189,0.6196054084919705,0
2.386290715150916,699.2859131305436,4.117921144522958,0.4744621835111972,0.3207908074241068,0
3.4986842250033297,311.825511183406,12.217045146553286,0.2844658388355753,0.4205104588684365,0
2.2142615161697496,668.4681641846489,10.676917727217596,0.13868527872708725,0.18444101815399008,0
7.337247622345525,675.3970442626846,22.588060975383716,0.6277906478881281,0.5754760441438628,0
2.3012261928840068,34.826379103847586,11.000185133939567,0.1811783653382404,0.4303671356868757,0
8.019875565735921,165.2839031444357,0.2399859170165275,0.8756046506287265,0.8138758496067453,1
5.466828171741776,327.0584690029992,8.581972507639122,0.44162478465561805,0.47686886643333726,0
4.284144328526641,486.29386619672505,8.883359807294402,0.6898652836184278,0.4279765961047483,0
7.110308583320246,258.6925859425144,21.42346868602599,0.22861592532441077,0.7290851815484285,1
6.86481538814151,518.9344799839379,0.8172256617989717,0.5294668325553215,0.5742396634743703,0
4.5799500881878785,223.48959932285783,7.919792534216617,0.7163798650059418,0.5430018341738693,0
4.026397823423411,235.24296278449685,14.786328722391815,0.5665206535263971,0.4975265767081785,0
8.267005785814153,211.40663677582742,9.05003769709191,0.8508618237416394,0.9666812343228541,1
8.095896485233972,148.1961586273252,0.2635437491281305,0.5833868341282521,0.7979294621806953,1
2.159356213076619,51.12606722865602,23.67600966353276,0.701670178298846,0.5137843393913067,0
3.640932045176376,109.01259238677167,3.41660254814464,0.9086293331551327,0.5945611869630617,0
8.590952637585564,54.904177540647986,14.215713731851055,0.40870617205565707,0.8935404213709957,1
4.363298149975031,133.59578670228996,15.450438530342023,0.12479188284257348,0.5379300130830161,0
3.802117346451133,597.9122437904872,8.969177766531512,0.8216389836897648,0.36356822596995075,0
4.2905387038307135,188.09351441015895,20.462156089956228,0.18069810288653887,0.5206361197771155,0
6.644231751516069,215.96791049653206,21.179259422070857,0.8763098991213412,0.78010940613028,1
6.804117254763945,501.3364312418708,23.71308035406212,0.13345939490071612,0.5836598461603966,0
2.3507090106541018,685.3484850158138,3.4992249989612967,0.724489870294204,0.3580255020981602,0
7.081445844296376,556.4017567159085,13.525082916108506,0.4986997903147107,0.64554320663987,0
4.867861313201371,478.1334026990799,17.42530935159545,0.8314413058033657,0.4941581141520341,0
8.60643524570953,109.78532092231367,17.209813566767316,0.7064226388572717,0.9094499269637618,1
5.621852855917483,265.3367938065501,10.901690160689057,0.4842175972958236,0.643258413722221,0
7.455917412273471,559.2560999967537,21.702788217626683,0.7825954563139287,0.6224047524838456,0
7.397584749361734,278.4867481619222,4.822932600438815,0.7214434425392432,0.704953124966122,1
3.9512987598804568,471.7103851475296,21.811867937127985,0.38542063903269796,0.37802962776851223,0
7.040424245496374,259.6737475167855,22.45904320186107,0.8917144418470089,0.654399522207691,0
3.494438295080916,244.90847221353573,23.1919638348635,0.1409072771274481,0.38738225778222124,0
4.1785876378911535,573.7951887138505,22.745113784786078,0.03379069533994328,0.2697206667089009,0
3.562272240095756,208.06369346722437,3.2618261624756677,0.28584945622423585,0.5365461646479425,0
4.892455110012956,515.0303618322055,21.675337925232668,0.7450611929508133,0.41810091804382116,0
4.794216656006216,80.93660521943104,14.712239044178334,0.1439321708215313,0.5165614108544028,0
4.1588672580719335,322.3338072179881,0.5817089482929152,0.049322827382098144,0.5179167979501206,0
8.538511478928154,142.17894161498398,9.089128475926843,0.9253960930021797,0.8313123779326986,1
2.6550434571148305,141.9017441395989,18.476636130066893,0.7818112072981848,0.5092538635157763,0
6.641724077531803,674.0413286107489,10.35570400978871,0.4772447830873596,0.48226471404152904,0
3.2428643293779533,543.0968301272842,0.6793883817068682,0.0233106677873256,0.3048116998751719,0
3.291510061725831,218.7172725770418,0.5519876035630489,0.33041358485407735,0.5082439458463434,0
8.839502145445215,517.7981321014815,10.00164157994621,0.27303341733470166,0.6392045000829882,0
5.0873358749500035,360.9632281464296,19.39478719337467,0.31459325662751825,0.5796678563456756,0
5.699655125673005,692.6994937124296,23.024667148368025,0.1113428808461785,0.34468538402595933,0
8.423757742412104,579.3203203375689,23.704923034434362,0.2549848953727202,0.6563253012469292,0
4.600393877615359,502.1630221577541,13.868881944197035,0.9480907966417716,0.4542211210513905,0
2.8499971953671626,222.74259940792683,11.17921610428968,0.054021883752576216,0.4067310650743764,0
6.198892569266015,173.10556206932506,6.334488115774496,0.31774379281366216,0.658219203135052,0
5.234226352486063,444.69938763763895,12.102279761462789,0.42796796519456237,0.5298732369216747,0
2.7159703407286666,24.80632608308491,16.335221507196387,0.09848110191756942,0.40891548810950745,0
5.616486157208779,99.3951176762051,23.90456662023654,0.2653697760471244,0.6940243062920892,0
6.917497004123309,619.3758367715458,12.163385448826638,0.06416499306718737,0.554531351132762,0
3.5989419871305897,36.84788812072924,14.764782101493445,0.25093501433871745,0.5650057224080423,0
6.816983787277005,647.1032040314815,1.286842924050772,0.1671260943997256,0.5011552496360012,0
4.172001593977183,572.2149157184068,17.6932780129462,0.8055279605529213,0.4138282093707795,0
7.453501548983368,206.98022947270414,8.647017932847977,0.16408142062372943,0.7197438177400547,1
7.770250748604265,662.7532944910935,6.078771340585027,0.3963659223685848,0.5393058097065125,0
8.572197065571538,367.60477032411524,9.952388183202123,0.18569264734274304,0.6700694966143481,0
2.7702994773754925,337.4683212200866,1.1027709960104604,0.4951165290743973,0.4138186160651396,0
8.14280921051417,277.1574532048621,16.48537253788835,0.39724349050763785,0.6663727619052208,0
5.033764369540034,309.2687405333073,9.544556778734275,0.16458874044567418,0.5686782059426261,0
7.814896458738422,330.2973830247829,14.134042506237982,0.29843598602100185,0.6791263288159932,0
4.986840648239438,459.234152300838,21.58523379054289,0.05992082608657401,0.4134656453209685,0
6.748566480801065,186.61026339191665,5.803871949382869,0.28405146318253927,0.7066058935385237,1
4.89706667498882,556.7171872054126,23.070477127609728,0.24002048382393226,0.4406952568744749,0
2.179730315242914,395.14249940382956,7.6172479412438205,0.40433858968322167,0.28549176288036027,0
3.3813433398849275,658.2689393950018,9.135271454526931,0.1350959030062443,0.27587171929740445,0
7.703769665239836,485.07597328402284,16.889180883243256,0.011340540172595226,0.5994972064662929,0
6.2200860150249575,52.78529624914464,12.664583610005199,0.4647332156406878,0.759296820074309,1
8.309720706409655,88.56971777729073,21.72324244675364,0.04753557199420633,0.7762838937585691,1
5.364675721188807,38.89004665561264,19.67732982525599,0.5858066068374631,0.7757705463248201,1
4.586325268865829,346.6506214853985,8.989983229710546,0.21752467457194047,0.5313438058593577,0
7.736578709983918,636.0795282083932,8.046685449219027,0.17018523164707822,0.5360432295591291,0
6.103833465718834,168.09582688865748,13.627388455097039,0.8458042463774799,0.7108522585933906,1
8.581445778707263,354.3680254946477,6.644669264586533,0.9705404167975266,0.856380162551951,1
6.171628147179825,380.32518387435675,18.06196884911628,0.48687760578881967,0.6131242164651216,0
6.387805078282272,432.0544965450851,4.237447635654995,0.5648175530081004,0.5836952625965829,0
7.44536624190142,214.86934901329215,19.35064945996814,0.6850211214508282,0.7707748453264442,1
3.496525377414765,40.70878421124353,6.750274684957721,0.23386913794636888,0.5220629222241255,0
8.634378685702274,635.6560268698099,10.273423460038133,0.49871851467820494,0.6577598639499401,0
3.1742968547632895,146.71722474693794,8.217652717672493,0.42635579610943297,0.4732582867457346,0
5.128181140564307,123.42038025072515,20.803403777214843,0.6866869101315973,0.5883436985371997,0
5.666706743548156,96.87442520402911,5.659595550240013,0.2321679913352983,0.569852071530408,0
8.543027712831268,291.7677646844319,17.59288319079622,0.9187579546426682,0.8651095922393033,1
7.791849121914295,160.98274126303758,3.205904772910105,0.745566613799629,0.9054092003104712,1
7.003752110791572,410.0583972827384,15.942012800807056,0.329957562842232,0.5277942165428637,0
6.71381650380442,362.5508083503718,19.754661489291266,0.09736511043694696,0.5217726563933733,0
6.044841661857641,550.0742214304286,22.82718753983635,0.8277947768139144,0.5933841881058476,0
7.613326365909763,484.57188372973314,7.947968562975735,0.4034825062197841,0.5401514885170519,0
8.922041461627945,139.88207383264125,1.7695869862160265,0.09523720320539875,0.8352812139434015,1
6.234471660141174,275.0590429155979,10.995620910153898,0.5432841574112519,0.6829908476630321,0
6.951387724747723,533.6537228875685,11.057801587881976,0.9420435697354095,0.6570088236730353,0
7.302771053280232,272.9993637502484,11.473401182846054,0.10736076169093922,0.7045948031252368,1
5.2556005089399145,511.46158156939555,20.799031088646075,0.5306239291365074,0.44668297383428934,0
4.193547093777125,168.04305987421753,12.494970845741825,0.5125720942852947,0.6468687713074777,0
6.008998229005929,258.77128770269604,4.871981886419811,0.6876129977403076,0.6917943920051953,0
7.169492689388902,57.53519681239413,12.015129359929482,0.8815786817558877,0.8918065030376533,1
6.18031405338967,494.14696225421517,7.526664495485918,0.3195407827497583,0.37279321450154645,0
6.679607762333016,99.23443249994085,22.008693006762975,0.31445940702451625,0.8485514606863528,1
2.0555546506245452,665.0538062559843,1.2491820027282055,0.33973038681199974,0.23327733478135704,0
3.686662387143629,5.354678790653891,7.956719177927454,0.4230973165302856,0.6088294348192089,0
2.6911370603939524,451.92312769408187,5.853984514238359,0.6216384282365731,0.29720535036974954,0
6.961892365728952,18.413723930831672,22.349798815549317,0.3514199263205071,0.7636545697609951,1
2.8145506706798624,339.47287217018453,22.53535473790796,0.6557275407383423,0.47667374498133375,0
5.2515015638016,71.14161661119421,2.9338099606671824,0.5997252391295864,0.649544050163105,0
2.8054498876313967,441.1958899515204,9.498867189886937,0.35077116347885196,0.3226102239216831,0
2.7545062029647296,287.50350945284583,7.782966309143708,0.5309116168088115,0.5092743521376984,0
4.662935221927221,509.1711933211844,10.399019536087366,0.8623539488569465,0.6548448782022965,0
7.926235693759404,341.955434096506,18.02788398482649,0.7282813825091833,0.7461551987778109,1
5.816546528081947,246.75388268441893,3.775881771695989,0.5164532494606979,0.6610626887497093,0
4.176861636701847,196.24079096471687,11.562747346151667,0.7187466663833356,0.5528917098985593,0
7.770187169510629,329.32076435478183,19.18976409545062,0.9314372334422515,0.7889110420092527,1
7.546182854711679,570.7802816247558,10.16616476777374,0.909513349368609,0.598376798981379,0
5.079294284550614,690.4692615739891,5.649260558478838,0.8830917969414143,0.42428807965955,0
6.176234812202919,387.2229370139442,7.027665200372998,0.7982358627381753,0.6568949985519779,0
2.869666237738965,500.0644674562322,11.15703151228129,0.31973506304705834,0.29189175007795626,0
2.449637651449061,350.21473339795784,4.2522268288271885,0.6532431461520313,0.3902977568151248,0
4.709284195832128,437.19506480064297,10.250200381426108,0.41649013574567906,0.37643967832274283,0
6.759691408627101,87.78717848891209,17.36504199221127,0.25730830527296833,0.7896933626289634,1
4.3166182844570375,97.7462478285638,9.2607124055325,0.7358040204983899,0.6516971449808224,0
2.8377441038033053,284.1386324512313,17.105498161720533,0.026338927027446557,0.34238625130909384,0
3.353909575486566,49.26699372308251,15.850205139889319,0.8906476950061482,0.5031562174275045,0
3.7154999140934306,268.6917445236006,13.043350788155601,0.37752228857299186,0.4514623473951243,0
8.163810641141659,294.4674571973796,15.07612801446541,0.4548642623432043,0.7242648741856066,1
5.782100100747756,100.37985988480513,22.32413518914272,0.014517532078295536,0.7130913690042068,1
6.30939237072017,203.01395191343804,1.7103577644912198,0.2043703783978894,0.6729984870556354,0
7.042663632992586,81.85182880711223,16.37800193732602,0.4713578854346919,0.7281335409913288,1
6.2154353213414755,278.4873803161594,8.170890654137027,0.5237855507251397,0.632070114800981,0
2.2250663650821068,362.5838340239299,13.705480226485768,0.3723953393909848,0.3802586012309742,0
7.9257974776211215,122.23501170134456,4.966548305945886,0.44388603759717427,0.8219030180881033,1
2.9940206986605418,255.5908511283213,23.466581291625715,0.20789813489194953,0.3716175270627889,0
3.173846277269897,610.4490565073313,18.141827209803417,0.5794830224746328,0.25975787604105893,0
8.212528122294469,506.9566613048625,4.157225143206187,0.8592065856221053,0.6244214749673356,0
2.957913421496261,565.9501884329951,18.630051319217657,0.45053165725963507,0.2575611851146503,0
7.248427745764601,247.39724399364312,15.926360495748694,0.5686286619437679,0.7221005449082856,1
5.442296304418544,666.5797198503363,3.0253169980113297,0.018685849296546708,0.4219598479953594,0
7.054800671636735,390.7323967226156,9.339694107106464,0.4240394212479288,0.5588889199797404,0
5.310587061198717,42.588695404870506,6.683691807763476,0.4113426168703166,0.6156330095652336,0
2.133621514099862,246.07993950962396,5.255433184760551,0.7485676716451264,0.4577365251609371,0
3.9197885227972264,393.9785998636477,8.190650522255098,0.9411415965382027,0.4295163172586136,0
2.700907418325877,15.158946104413078,3.206784452176226,0.006518181448129323,0.47421482240411283,0
4.627383060388056,657.6298169475298,16.468950512725115,0.8105711588601002,0.40689864645015267,0
5.14720471648946,681.2103753030492,20.1696411243093,0.5944359675061192,0.3693531694679208,0
7.4625528097534986,577.4028109536637,22.94503046974188,0.7867163360154513,0.6338140795119123,0
7.606939708756092,124.54048007369914,19.397256770841306,0.398482134743148,0.8019035973581795,1
6.628888790054159,434.40956725668025,22.35350202077608,0.4165659758563769,0.6068458090150488,0
4.459451424423812,153.15589557920038,23.571295507822217,0.29671572822214787,0.4992205694308063,0
8.678016533947293,212.52529579813495,19.845303489422626,0.3634603923111218,0.8422238524652103,1
4.225813843344905,540.4032520206928,17.501603859239054,0.30759409849543495,0.3970264810011903,0
4.066819406250823,539.8700789774198,23.931184344890205,0.3307785621877093,0.3453334644028408,0
5.596266874452526,402.09625076771533,19.28667819993393,0.8268921733134497,0.6011370545073825,0
8.214667816258661,191.5147377209597,1.3053714330402943,0.7704151645979213,0.8480163933897092,1
2.5360711887291227,231.1600656571892,17.43076731344248,0.25670857027547467,0.399094897786388,0
2.4606901178204716,147.63824268187045,0.7727810518341265,0.07657618161107671,0.41276416861918036,0
8.938227057012355,192.06906908768002,2.1182645162092415,0.5166212775356509,0.8748107107203799,1
2.7680927705846132,291.54441031166715,12.242573643899021,0.8473033691024648,0.5080754443344442,0
3.153505011988691,116.21054771644032,1.2204362750593631,0.8922953342058952,0.45622504460599467,0
4.459209430020094,682.1360426466434,15.267385879304666,0.48883017300794274,0.3839705676291616,0
5.50910868641096,241.9380912399607,18.55385396227081,0.06069467299072473,0.5561827966265368,0
8.51675444398311,535.6804186321148,13.180341647911394,0.13212446130395372,0.7423523813445737,1
6.268054730630725,592.8331595590811,14.365616723095599,0.8624109550380528,0.6128953504630342,0
6.1665999828100455,388.58841136895944,13.795772197421378,0.693004305922801,0.6322902648375771,0
3.018143023842198,105.31843836427494,6.1520002404428835,0.584484069817632,0.5261547253007997,0
3.8851179255866928,561.8343152259248,9.424996790851612,0.343177820156653,0.32293085616624695,0
4.232566217847378,200.03030646573916,16.603275376799065,0.84703684797005,0.6036080752800718,0
2.1963226472725683,162.59344117876915,12.302927696794384,0.20914831163690428,0.39520819013773584,0
6.367027042277658,576.5135899487994,11.785920861677923,0.6724984524942486,0.532061565613951,0
8.790179020584121,660.977623418428,7.158637514794062,0.9872831430275909,0.6665932085955792,0
2.7374543340820368,513.4127701893514,15.730701232312411,0.060883070988731136,0.1976534423197089,0
4.742358691137669,121.67227616911508,15.89598087039323,0.3495361108188595,0.6175869228270621,0
3.5347541304329253,573.3762324808408,4.662221441309839,0.8728095181958073,0.4365297730883508,0
3.0615607840928454,415.1583137431525,21.198244413232864,0.23673789702867465,0.3968757351603024,0
3.377126242893511,3.439526337242263,3.9180748389411404,0.9979191246125191,0.5971353705849746,0
4.052439125352059,271.24936724603197,21.067140803332723,0.6858005946981441,0.534731388829012,0
4.780632618835014,438.6056110211405,14.130982377826507,0.1369858867524506,0.4606713440349723,0
6.615235661883343,369.09818683081903,5.6024900468473025,0.05729932129659587,0.624287496955183,0
5.387900081216214,266.5033549064017,5.0088813842344475,0.9681336358884515,0.7151706032007674,1
7.899141720979384,517.1663793391573,15.716776015947922,0.16995568852375342,0.665830989229875,0
2.3874610087322137,495.3217260786445,11.818657465741845,0.06951862327771363,0.08699283766131949,0
5.415978371314984,338.04021832626756,10.15035588528475,0.21827135103021633,0.5084091621683102,0
6.923936505131073,580.4692035064128,23.874588125294906,0.784673693022329,0.6041668530285983,0
8.580957412871694,57.41747643126616,18.695059562211032,0.7757862811327397,0.8815692216695338,1
5.2753808627183965,315.9210803795867,15.66313919762148,0.13018835844333354,0.5648690135088515,0
4.409617229298934,97.1152488356394,18.239536643887426,0.3069473861081031,0.5789876468268781,0
4.779592496026531,670.2394513774242,19.138155482306665,0.4772590589084109,0.3637875157203827,0
6.419465532972264,317.72676039773194,0.20681852775377774,0.9880316883304686,0.8099657436895322,1
5.463968577840243,231.28888774045635,12.899144325289955,0.8514249323795496,0.6331860657617786,0
7.504939532966881,434.3827975069805,18.22337583545455,0.21668202169678186,0.6230450632713651,0
7.118828657462312,105.70369894328317,0.9332847868599581,0.1282636142421899,0.7407044581139329,1
2.567296811690177,351.28595025411255,0.04281904114385693,0.8190971154354469,0.43292636423049896,0
3.325739692304015,413.4653067680805,13.138725591922938,0.1787432136734204,0.3719781208364705,0
7.741601421886819,216.66599502268883,8.448678972937923,0.4732834027169126,0.7039336249202636,1
5.696723277115684,592.1584745173385,21.375117689828055,0.616878791854566,0.47274333350909437,0
8.960214961476499,241.13127513751843,15.004872529228516,0.12828286353721918,0.8114500853238708,1
4.3512749730404785,498.8151478974627,2.229324969007137,0.9170318396843357,0.52992342515104,0
7.721382875409276,344.3287106933183,14.950141368850442,0.3297528258345911,0.6491420596443909,0
3.229174475933558,669.9746248024514,14.041242253116856,0.45612849281279955,0.32536832418339234,0
4.22315959211473,322.81390397532715,19.422913946702387,0.2848187433825319,0.4754563125411742,0
3.199966898950736,267.20259928468994,7.225938411360671,0.8072797927430903,0.5247093190660079,0
4.860529039789109,538.3375985111137,3.532499960602723,0.276047992579861,0.4101000374692119,0
4.885190446841726,437.61665217724845,16.803263654364958,0.9192019608044976,0.4965157610415798,0
8.529832969284403,395.1094533786678,4.265558761358732,0.20310673870522722,0.7404020074383735,1
3.8999933020690194,666.1701070341429,7.79617663907231,0.23359431769833583,0.1874303813108017,0
2.7315160834671066,328.9285024883701,10.038108432591423,0.4108307385692863,0.35468811463951094,0
3.8036476995731423,684.281892744644,13.314391009151471,0.1480870343799574,0.27586492244095406,0
8.268797440166344,227.79750287729823,1.4184922884553375,0.8967324940901368,0.9118371688843564,1
4.377897878016906,259.9373870906707,19.45433504396285,0.683442657389398,0.582113478241778,0
3.155549960737126,242.0922459772602,2.7987717777552783,0.6771343351515599,0.4859714586984119,0
3.3826915780900837,436.64038669202245,2.2236407271574334,0.3881523073537436,0.3752212194941164,0
5.4778727618424865,208.11658550393844,11.259001424498226,0.026240639875504623,0.6405841011112842,0
5.959970361709617,167.07798699160523,23.08151788563752,0.2377884794805375,0.7081561192595499,1
7.786310194710297,498.63297420193237,3.89316128266211,0.8479022277879962,0.7101511802418587,1
2.926292664774791,417.22424480369045,2.3391136198681695,0.1413794352338048,0.3698525658605483,0
3.698841087634468,298.54095877326796,22.110891438599722,0.451703051066633,0.4822330398685629,0
5.9153663198905875,225.25331689180496,17.171291663663837,0.7884051781237182,0.7068390276218467,1
3.275110687906677,540.2428113526171,17.338850901895935,0.19349408945701385,0.29615582920397154,0
5.582671376228099,122.79248426274657,22.415320540913648,0.38431830033772174,0.6605909770622852,0
2.561086590888843,6.062069370883028,3.368246276924208,0.0017495098511707274,0.41426212860326184,0
6.928752134983055,686.9180925676268,20.65581395758168,0.4620905151849374,0.5008111817258643,0
8.270159345445418,392.2327001451907,12.677609533116225,0.7859188374185329,0.7358834666390798,1
4.951185374205185,525.1682265570056,7.47553272952959,0.43528400779364573,0.42279946873592616,0
3.9986124339875087,575.2178591562373,12.339846373166905,0.00519505580135915,0.2960589731301293,0
3.2185496882840408,52.96694171426632,11.067518177290669,0.9081684841529666,0.4938923050382803,0
6.555628621471225,395.995812742582,4.6971847013178385,0.2613729109583547,0.5691890922308406,0
7.534266003383424,247.68555708935142,12.714178126595675,0.7915512819573868,0.8010570034895108,1
7.534653546746811,168.3656179386912,21.684583602227598,0.5185148780231327,0.7994720488831019,1
3.9556220237963147,255.96230030973263,11.215713646274377,0.43357525714394674,0.4633057481843836,0
5.529294632834604,360.846431435433,11.759609494421799,0.21678850123500326,0.5099836986979177,0
3.4149943907474505,694.9408252757473,21.404965497391224,0.9864701730176281,0.3321155473956125,0
6.699528891825047,68.39383913231798,11.216971109573016,0.5403287011237727,0.7351409759342467,1
3.1659157891078022,118.66343815231708,23.158841413029123,0.9630468630657586,0.557031387719446,0
4.449321316516679,246.52152698908733,21.521798815255885,0.8103508331583621,0.5816311873547707,0
5.113401238654513,676.8238218397802,17.759209305524827,0.38752368655150005,0.29379991323873256,0
7.619527093037015,88.1862892743857,4.518734235798615,0.5579534516395823,0.8760827643424293,1
7.2704936110028235,477.49623691171314,19.32036866992936,0.23257548571044107,0.6422155749335151,0
7.466475497260564,338.4112498961419,5.404489737227128,0.9158483645421929,0.7479446775585696,1
3.2425317951037798,646.7217735751034,9.60074548474303,0.022722336695914946,0.2679273807316999,0
6.293116809928569,189.1552428480417,3.136680084124225,0.35237516361284027,0.736578722916674,1
7.21193349306738,522.7807291103336,14.195385099650807,0.057210491518712714,0.6115793072137518,0
6.043747758629605,199.82486819609576,13.079892456401609,0.8900365560252042,0.7328662594133103,1
7.430755536377005,82.39794797530888,19.235734559612272,0.03387079518909697,0.6878500740085906,0
4.5568583137196566,688.3813624232861,16.314228535811502,0.0015991527744372291,0.3017359074939026,0
5.674878023720622,112.67886051190796,19.030083141410046,0.1878140688286919,0.7078448178487939,1
7.011748417721367,204.22123372820886,22.310550480210146,0.31783304211324137,0.6374009026882065,0
7.536356710372607,12.343826647793845,0.5316249381026843,0.5428352604205429,0.8212634006956189,1
5.791673443646854,608.1795897822244,18.010730816377567,0.6198465149827697,0.5922122666960326,0
6.261714104846946,416.177591898686,20.371910942080596,0.6586622584645487,0.6211099805995567,0
2.8765255770255567,236.2851742793948,18.156717998586117,0.304761380606134,0.41406129380529316,0
3.4505336699806746,565.5518824479482,14.477254756025854,0.04345205232086802,0.2806707751837866,0
8.301999114062728,690.09182036884,20.933220494270994,0.12234614077665074,0.6623687956064966,0
3.716671274726127,2.4826018275478536,3.3993067375191846,0.7925202627935208,0.6295430526645892,0
8.063636920172721,349.40502607556385,14.32556161145196,0.687180042820218,0.6738780763601389,0
5.487247920241918,223.00507251421945,17.21597921194383,0.5133579973102447,0.6300638586816517,0
2.634879336904873,342.3619182077493,11.75327150606093,0.6114916523817667,0.37346458857977394,0
7.540897013079052,252.46552203113004,17.950716941515143,0.2728076524428167,0.8092921129650534,1
2.0603196577835465,556.668212607991,12.995104104641197,0.5828044284806575,0.308946476430444,0
5.622407501386826,494.7349455895525,4.600282043827959,0.3977605740786846,0.40952634076528216,0
3.0819418451186062,35.963355577694145,20.624541362546648,0.2730578624274663,0.6456125717198291,0
3.378200251866606,236.243397403811,2.0975385390971804,0.22953765715944685,0.48618916589881345,0
2.3875234987018246,105.52430834061842,7.028484677535507,0.13104902451872735,0.4174881669436988,0
4.791523185942147,5.960849265305287,16.005744096857413,0.9326170520573704,0.6347351340229677,0
5.188533880675774,157.85082560478995,22.527750072512553,0.3294833483116846,0.6156412713137316,0
2.515019402656654,429.6361454598203,23.220238303049854,0.39214043196036374,0.28560347780426665,0
8.175774992269721,451.6716139393938,17.554738404104214,0.506488770234174,0.6827765122329208,0
5.938252271066399,567.4444206651536,7.1063890208533795,0.04831829313992575,0.5385717778413979,0
6.398265156606154,16.748630737866023,12.59500548838556,0.9121573042329051,0.7811577757469275,1
2.712350979979607,93.43136511141824,4.486644826263531,0.09718225497533739,0.40918608047048616,0
5.459449312936359,459.63631073229897,23.982445749865732,0.11858672382415447,0.530733101242271,0
6.369605585309794,683.3995311946111,14.943600762838527,0.011867411338906675,0.3969219785387435,0
6.749306732003987,100.35471324300062,19.138692746566647,0.452099379409166,0.8112150395844782,1
4.370927647829433,669.2314638856564,10.935939061896716,0.30322596907613997,0.3702338203385453,0
3.314776752589598,159.80710225978757,7.979886550939423,0.5181313873421923,0.6171346718027113,0
4.8272714878596075,496.26169677773015,10.123811613654997,0.1539289499726495,0.39726790151528746,0
5.390528428739993,274.30144192691057,18.539450029120374,0.09472499780969401,0.5811107364204625,0
8.109119956371382,274.4016325896748,4.438717398957907,0.7149579779396643,0.764484493755848,1
7.533932153859038,349.1543759050212,14.91439883767784,0.4445017957025289,0.5760991618353408,0
7.1362198232950655,206.92306097714996,22.142903905371185,0.29662770742135347,0.6535632388445487,0
3.025571855343662,357.97705892385767,13.339361751974275,0.9169792598847701,0.4726557299427418,0
2.5844093605393104,441.9600200749336,2.0078790654744116,0.9726520974328045,0.38190476386087346,0
4.446428461172231,307.02961768699686,5.70689299956704,0.7810567973683844,0.5606903368825116,0
7.693283006818946,10.983217876934004,17.282366239246898,0.298766270928463,0.8063183497651705,1
5.280028095755606,643.4892887632742,21.939212782739855,0.14013120866223283,0.3945973503370965,0
7.821705238877837,540.7895046627821,20.409155350123314,0.22121493344918786,0.5654962345040974,0
4.258504911904861,69.70863507578247,14.304897436564568,0.25219742327549666,0.568950663775854,0
8.616531816140046,266.4809731771558,0.2974880264416324,0.17587779852498608,0.7433622060816155,1
5.606114030082141,689.033327296208,11.970210341240318,0.273193953006274,0.36450038341785096,0
8.384512081954314,690.8841187853342,1.7346986938331082,0.8319032871805901,0.5973557396930631,0
5.606403876090577,687.6823366892716,14.741017663396839,0.514050851533968,0.4440064737948053,0
3.774719454631387,444.7280492119903,22.768267808289572,0.7595359034329815,0.40881426816084476,0
8.60064466545495,7.75574838656652,23.802171604707986,0.9919867251435097,1.0,1
5.35952737596091,225.440097828857,11.048107583163382,0.9564978097493346,0.6392841724238612,0
7.511656174027158,412.63238491800263,12.533962781488801,0.45321811333227147,0.5842032631816378,0
4.970392516547181,531.2552307792007,12.998194088694973,0.93776235648022,0.401577696277582,0
4.981873827920385,682.1732357622917,22.093513741281292,0.4497528161752524,0.3030946683021916,0
7.989752644875378,347.6265510685088,7.131465356724794,0.2943264911479424,0.709960928155287,1
8.448258169421473,583.7657708397688,16.800766220128114,0.8259410798514082,0.682396562731415,0
7.828748985526314,453.30828555569883,4.439720906101548,0.865550759672545,0.7418018574195412,1
3.60966050332591,696.9129973381791,10.543555372714607,0.18095664064255512,0.2622516191121816,0
6.133645303146234,224.15089230437187,0.3936908475465195,0.06656098619543327,0.6501037739873806,0
5.5561940618167345,508.373051461778,20.41566176261869,0.36623399812839974,0.5243379146203,0
2.130060318991666,439.62515027506845,23.325930923089068,0.6295114082929509,0.3678193910535489,0
3.4446318071880926,612.1544063726699,9.554119676541994,0.7326139971066843,0.3198911602280807,0
8.048695181872551,287.44042969138854,13.439768737896095,0.3219128569826589,0.6957559339059635,0
4.136713323500729,30.57083636562403,4.138925965753601,0.1218582893410135,0.538888097650299,0
5.322384536222981,514.1209854383064,6.006110184145364,0.660002421517319,0.5038708477914323,0
5.524816661582366,640.8759089055982,3.6670992167294747,0.7072735028872448,0.4507170991547305,0
6.929077955929804,458.010206861272,3.3296981702950115,0.39540995239008847,0.6460396721762159,0
2.3811896945973365,387.8630667986234,18.42730304751124,0.2982061533228898,0.3552291105870582,0
6.907637926373034,281.42715992269655,21.633916580490563,0.8054600912794518,0.7534414255755086,1
6.437656111648429,282.03031148263955,6.120022682394483,0.4259640054343765,0.5715389286175363,0
2.971690723798228,492.20102916565816,10.506605848732656,0.6536532299563734,0.3942590779366309,0
7.225160744439423,386.0238788097342,16.18579722983066,0.1436371714675334,0.6506739000499385,0
2.2420669159392217,409.11421325705413,2.6546113104232187,0.4565509411418517,0.27584195660421634,0
2.5950165788797834,126.54660853535279,20.26315953145403,0.9333194253459597,0.4470387811713786,0
8.066065826492316,254.18358963713698,9.289510061231368,0.45446001810800707,0.8336657746143397,1
4.105404814095489,468.9917128927157,7.750555004925318,0.587540751480115,0.3851912794192943,0
7.218933809776732,395.90317992578673,17.34496073552745,0.9218433426405145,0.7958823484774356,1
5.053462253866549,453.93704805169375,15.244398449295815,0.8043891121874769,0.5187907679061798,0
3.2046906472369217,661.1175433207482,14.653503077670802,0.2866472319916532,0.2149837805418896,0
4.876366570560656,55.56282544260775,20.295332827915203,0.6570899523743127,0.644400379136572,0
3.4812171819109636,372.4963488282721,9.354274006688357,0.8514804623079104,0.4459081202188219,0
6.8399651041214815,266.91287232839244,3.096631564532922,0.07500870810597571,0.7106207697104284,1
8.92558558894587,132.6603065331816,1.4420802180617915,0.2847886705750954,0.9097053418865058,1
7.489043556313102,663.0427586748148,23.75701478619586,0.4340464997935284,0.5271038754472905,0
5.0966539343049195,351.73628621362377,4.029764128388071,0.8277731864672652,0.648803686290382,0
6.8445447711585325,406.05907353110075,16.529721432521114,0.6582435244532184,0.6344757447608053,0
5.750256096444954,161.73495803677662,8.77327489459681,0.1941234698600952,0.6854667842367493,0
7.686995890294468,464.04767404691694,22.024779183237765,0.9718878310260856,0.6884059997428237,0
3.3652872041812585,262.9814974415956,5.282424635334649,0.8906849704610218,0.5382115038068188,0
6.550675521816425,16.80701041023817,12.807228666766662,0.8138279894686352,0.8182110650128396,1
2.009006558977617,387.4729014212906,18.734664106273243,0.7729302237775891,0.38554626776245976,0
3.4324477113423217,284.2614919290601,19.18260145694373,0.2943855378173179,0.3776451963668314,0
2.207885380688419,397.59211663030527,9.416047290588647,0.3625996732256853,0.33542333757494697,0
2.6876115388389756,110.72776858212012,12.288561073862896,0.41480173904526985,0.43790263450867684,0
5.2534601345652625,186.244614680724,7.439627898053013,0.09769333923585566,0.5932044428068148,0
5.742791160960008,506.3998526236964,10.130791289541744,0.9246554703073175,0.5802290563283602,0
