magnitude,depth,distance_coast,sea_level_variation,risk_probability,target
6.550884972347625,19.16840125307849,162.6581468194932,2.613937071287997,0.5918221777466609,0
5.770457834823789,27.353343383075533,308.6676233597965,0.5133947122125487,0.26575404999753005,0
8.116955125044568,22.494135327792332,186.28374507815127,2.443893899354692,0.6723564655403046,1
8.002053266620795,43.8015593967152,233.08854004362516,4.419348253634054,0.8236014670389943,1
5.796447941150676,28.11654405816879,223.509109983054,0.05037234532639878,0.3299718358388559,0
8.202116835879007,27.165994821184164,213.27171471005894,1.8930223332198866,0.5626059599820963,0
7.037324461258924,16.76274377665814,133.23813502552562,0.8080015713470956,0.46827673178091916,0
8.515450864888834,16.09743713399434,361.6948174843237,0.07512873160593903,0.4048680012518587,0
7.1469940027949015,16.404582403711785,477.7898553001473,4.378822859927657,0.6306216860500309,1
8.92425436797424,16.423716498716786,352.2140307952714,2.624718478652346,0.5509972000030972,0
6.974412380759924,3.3847104787958506,327.399250335554,4.948728628063,0.7706065146882606,1
8.413310502637113,26.185555027783266,492.15627969381126,2.311454830903882,0.4545555143170397,0
7.8547964041128555,35.942724249495605,17.288245545069525,1.427757261644866,0.5968786058766213,0
7.481868393655867,27.049534153408768,28.778266943112307,4.63939065195191,0.9267030477343283,1
5.023628027783644,34.11940199622796,194.57005956184992,2.201687039255792,0.48753283698728167,0
6.4578783630444185,42.22362588014357,255.04227246352684,3.9408949680070853,0.701091419078303,1
7.025022368069628,44.56292405137115,461.2480098929912,0.9156195348751406,0.42287943896528346,0
7.491847412446111,42.16838684011455,51.224168959075,2.944145028283361,0.7216801907863712,1
7.2721233786928785,10.077138394690408,223.2604730537588,1.2442196943098482,0.43424040771836836,0
8.10149422664891,30.39596849539874,407.21605478245203,0.18341460021418565,0.2119237485294808,0
8.08742359697933,33.72737680944107,96.75518961041968,4.345011171985615,0.818091832127851,1
6.041389371427439,32.20430332912643,336.0425664880517,0.3020949048936833,0.21872463470351322,0
6.654290526527408,6.68025226024562,355.1036156348932,4.410378188734444,0.6243676348988333,1
7.972787342646041,25.543611380932997,148.35407615021518,4.274651009478415,0.8390599011843416,1
6.953000424476131,32.88129912077696,235.2777033172359,4.897739766015244,0.7533416030896412,1
6.146078863748365,30.38703025822195,476.7152101059614,2.3512534822123667,0.3694346578094193,0
7.504826724285149,26.20095684432226,169.59596569604906,3.693715952631949,0.8060917494305244,1
5.573827320779664,37.04963007413633,496.3939623625477,1.044100488019788,0.2529086725251927,0
8.27841815460312,6.398177988703467,240.45385940037556,3.1208587667089405,0.6246013857434315,1
6.821635869337175,2.7129614976016523,237.27768063774403,4.901760157833977,0.8959017654166146,1
8.010560162964909,42.83588769404776,290.45734972240564,0.49444507166609475,0.3216256622147349,0
8.423701063863534,41.302705645289485,162.8725893803592,1.3434219056050338,0.5477277486328845,0
8.683319046303655,10.08264919045881,273.197056751641,3.737423663337009,0.7141275831361913,1
8.854553028499064,19.40974126437944,36.433028357093114,3.7287501003513674,0.913142574198727,1
6.983706563615804,8.391447482390314,401.5225504824405,2.820088330992647,0.5595721450587622,0
5.8012982021705595,38.767221191119376,275.0416731808464,1.7333629566064794,0.41905317735474207,0
6.572890988487747,47.89648030826664,180.82242417154654,0.8460845784401722,0.4126812737843299,0
5.347439488731672,13.600921840707354,36.0217776374061,1.176066060953106,0.5074062222689266,0
7.628749315690603,49.762220622864355,100.64019579552519,0.22063472981255106,0.4880530263320203,0
7.3315837230341625,11.057190456724573,116.20038036727503,4.65527626041511,0.8251713242754473,1
6.173869723486586,19.011916247492344,452.2889074153416,0.22518104696107433,0.22723946185357566,0
5.808586436544427,8.849904439421287,129.4427933653739,1.6800567784678644,0.5073295627790845,0
8.761021459239492,17.149114647519216,25.585403645778214,4.6078003911983645,0.8500121726852088,1
7.639353439124698,22.858349111323303,39.19138391819127,1.2404499177393846,0.5511271585499523,0
7.487925139514613,26.87670794852487,223.12204851580603,2.8738239206357608,0.7204392237957107,1
5.006927394682857,18.73342875114951,315.1093624027382,3.69509138561054,0.6799941986764343,1
6.607156216034843,3.4689839749149574,474.12905092874445,1.2694122635365723,0.32719736170491687,0
5.495979170699677,17.09157726224388,327.38488455694386,2.247774780661083,0.42870808516038256,0
5.043389537549855,44.468399374962246,308.0859845864659,4.8232678478556625,0.6986848248632725,1
8.129685812095634,34.382060708711776,12.838049456589895,1.0220797360292477,0.6389061409502241,1
5.102380639338259,40.62925249530486,33.045207519994015,0.8345422053883822,0.44618017189706466,0
5.247149335733334,43.70908429650368,462.3356216994398,1.989289728457238,0.473787197446891,0
6.314701993958405,35.41049018635965,150.41777774586652,1.0201774058967328,0.4247200117914782,0
6.003791576573272,3.820963061122977,469.66564091146546,2.665435447349207,0.5455369193145208,0
6.357289978268504,31.849662712880054,303.3280389260803,3.064769543529724,0.6120303820306572,1
7.920303568499552,18.062521772692733,208.97947717548487,4.115618413113717,0.7517712503840009,1
6.329817698511405,19.77050372146944,327.2748022930015,0.09456661481017148,0.30375793077371893,0
7.448541850386587,2.2149460922299555,76.08903633582459,2.5558247184344522,0.6746488018532841,1
6.998379215692898,10.109440496173617,287.2795477438555,0.3513770423704343,0.3617167871657689,0
8.137109569666361,29.4937828205786,391.9459262254405,4.1994979344837,0.7475714976920963,1
8.467851305146379,46.582564939747144,156.44304162715505,4.392054823660429,0.8407033827267082,1
6.671761576011889,39.17668488989707,361.4505268623574,4.169424403331944,0.6248120858298983,1
7.5478703791221715,20.195616717939952,47.46470942083375,2.659155361823813,0.7546687045234166,1
5.948237529973666,26.60052635153346,83.82167936503232,2.7122711773612633,0.6186405766019936,1
7.870234733878354,10.433138062448107,79.06519876680274,1.7152888700055762,0.6002773320336157,1
8.10122995562209,44.859292326651946,37.069778050255074,1.0043069661500308,0.6151268336803395,1
5.562277399197732,34.21053896262033,181.32336883810623,3.5038034289621143,0.6665148694435468,1
5.152368043627035,33.25594844959098,420.5245879330985,0.4494290178581678,0.22421956231242426,0
7.313278304968581,13.889992388262689,400.7737642611348,1.6329568198677102,0.4798359664857724,0
7.420034063816276,39.94575484575194,196.17480015855637,2.4910178935135985,0.6087255168860748,1
7.63764312739444,14.468831098244529,495.8494589615926,4.9011936378019865,0.7738225094537559,1
6.952525536753828,23.276473635688532,205.82453552634712,2.9307118523993623,0.6565161409212905,1
7.958336605853807,32.648876651033575,493.8364291940362,4.3721912783969215,0.772798343152442,1
6.187329016850704,22.39360795549328,192.9782578676945,0.7821935052590073,0.42148810217776206,0
5.659572444566279,10.073700386087776,22.73466960269016,2.83253289653713,0.6763213510706126,1
8.067249743680478,2.5393395870627096,393.71610884705905,2.4921392497834916,0.5354566684638413,0
5.887087328719206,17.362467345404504,274.5365216584348,1.6741661665644025,0.44868734223526807,0
5.754778792659696,43.2194074905318,182.16447231380485,2.0023320735916355,0.46192402145943956,0
6.498589418869132,33.479862077695344,64.46906479476556,1.5773924396273182,0.5532164748886651,0
6.6293516270998065,20.538267606130216,97.78790625041917,1.8854199284539774,0.5985296316544274,0
7.855543391414994,29.179720277780955,163.46953042978697,0.03854336760738486,0.38586220009664096,0
8.596866365843095,40.48676058755153,123.35244548805191,3.0923551772109024,0.7435142191392196,1
7.214751172813136,27.448289584238825,108.94963341007808,2.1005479623999945,0.5919956634444674,0
7.903866344108501,13.111096446340147,123.93330219877252,4.010736958094211,0.8492638878059219,1
5.498697168203166,20.364641517910282,64.35664787853968,4.285640291169958,0.7836562092001994,1
8.178130094228726,20.064515924312904,422.9475983542616,1.5857677756567772,0.4205649859538261,0
7.649744870187469,35.37337019533032,383.7169426988644,3.712676624637987,0.697999037880937,1
5.258521031935164,12.541810495018384,384.0977313621123,4.355164339807863,0.6275078173731838,1
7.228118447857597,46.46670747924116,272.8610877377373,4.925225043686366,0.905836830377794,1
8.473617997117788,17.789706932956417,78.17056920779552,3.80445981707496,0.7590864069120542,1
5.193102531786979,45.9966769625723,130.7295691596221,2.0693748249551795,0.5363458141319728,0
6.491051280663638,15.908186385547637,297.19775918630864,1.8235172883503403,0.5352189306244156,0
8.17539241513436,9.157570149165032,255.3805956282379,1.4379660435353832,0.5763933065752351,0
7.796564201350795,17.345056916096926,399.32146594583526,2.3443260566033626,0.560472523451027,0
5.26693107398396,9.705166160830514,13.832413770770602,1.7987510384352445,0.548098289956899,0
5.542463037333792,32.66071496858844,209.01315493499166,2.602742660310563,0.5230133687101898,0
7.795720367819591,45.634123245655644,64.34711917337155,1.1919793722932537,0.49615912261972445,0
6.314678867669318,17.610889566382607,253.37514524787696,4.020560503523393,0.7974422687607811,1
7.0397439124099215,31.475169505863043,273.3979135458373,4.24542159260821,0.6974668637085912,1
7.294197646279136,5.477391373828293,234.03698074784663,2.5860130032852044,0.7065278788878836,1
6.409869009832951,39.32112640272226,48.38282684409295,3.535607084477799,0.7219676757648992,1
8.337399425683445,7.680898109155648,181.7990470095723,4.13274478463512,0.8311981809268396,1
8.302331955781314,6.721285618259863,258.21763488905503,1.192470720284805,0.5460628743950745,0
5.7170340503517725,47.666387109627784,266.1556319707531,2.64854772357085,0.4836038892505087,0
8.97212034214968,39.92239020873369,146.2000089234698,1.992989618275779,0.6795943934668707,1
5.625146567885736,20.18333462755263,480.5913780203415,2.7237478726817432,0.4888076381283764,0
6.0946440865854274,38.57637473910764,327.06350699530225,0.9834849742423241,0.3771089940062602,0
5.329158284866412,38.88670970035229,479.8876863614145,4.425500019530285,0.5780169666538074,0
6.576723195670779,21.868173382327356,206.20683015402525,0.08984216959921743,0.45115429831130993,0
7.107752830911204,8.716447867781955,440.5671773471045,3.3203003538834848,0.6463796109658082,1
6.67158970639649,12.341898186155513,10.21522372951933,3.0724863226284977,0.7391144597450029,1
6.229541458711225,3.020089053785287,447.9927109313747,4.4079684214957995,0.6935612564828826,1
8.503052762151418,27.815502050218615,264.180440899275,1.732373502864783,0.5387542781515073,0
8.666022256258692,43.4280315225803,288.8252892096131,3.053502069316185,0.6709358235282183,1
7.117656945884831,22.74558088796215,385.92576417099093,1.3700680717247127,0.4241302556769782,0
5.557439544726595,8.835331994550415,440.36878910270195,4.635191179642698,0.664537929168507,1
8.408269465962515,38.86272160163082,447.8633396322858,1.5092107586021823,0.5234455230864753,0
5.688791490107391,4.158634968751014,30.986707483648456,0.8698800375756754,0.5315730614163998,0
7.861912935776066,43.71181500724821,454.0850870474997,0.7770347705834474,0.2692215658807431,0
8.442374736508324,33.77198925752821,198.368703960423,2.445500603401325,0.6229619625312528,1
7.41842306363065,18.440207464252268,375.21469648005484,4.440487096414946,0.7341049277628783,1
8.812571777925807,4.080220316918787,239.17296804126036,4.6411752383826546,0.8906172461117209,1
7.41930198651745,1.222301692251662,337.4655277262432,1.1985921356775413,0.3925692611621141,0
8.100480897029627,18.302818632250954,184.411175655894,1.4130045254217545,0.5051556764267899,0
8.372992776590706,31.086100828438223,488.00095404823315,3.449601665224107,0.661210465971097,1
7.096524360431337,23.062344875873524,389.43160790262414,0.23288691530006678,0.3681238994392099,0
8.281153256858582,10.089972620933983,2.4746260425875244,4.305919196054118,0.9238083516491071,1
8.97994837889406,6.17057873529363,306.67452936817256,3.3586881684659025,0.7559989895899422,1
6.230094044840832,33.69191018360764,121.29374917038888,1.2167885945826624,0.44201056798597976,0
8.440680737047652,8.746841340981877,470.1136281539778,2.9246118455678487,0.6599120663948352,1
8.313425394643062,46.264130490668784,423.2239064174753,0.46227903296501616,0.3648399252464302,0
7.231415243624038,34.8862226060537,140.8852704771113,2.0971241124474953,0.5939767317953927,0
8.198364964312953,1.8808052313309767,271.23371668542575,2.980460695998026,0.6987639046692904,1
8.060946156465667,38.29396604283754,122.19008612761306,0.3456093379645325,0.5009010208950302,0
8.124664334581576,33.59764917412901,80.89649649693837,1.2942851095094636,0.6573183711937721,1
8.017962869922968,35.83203767237111,206.0386540824507,2.2004603949849995,0.6890887909010446,1
6.342339017487626,20.248532353824512,439.41762234913966,4.260041145729541,0.6124629356961995,1
6.637573649023935,12.079212802211766,12.08342646181093,0.5359816396443479,0.621653521235183,1
7.581179578765626,34.97206536873843,480.95290940628973,4.7766104235024995,0.7449190198687714,1
5.014528029415796,38.21069518873844,78.83013041171932,3.0693714206587646,0.6110909462910521,1
7.892803877719451,31.133774885446808,297.06154863031594,1.0047403550799188,0.43858088736460293,0
6.804039981226998,1.7376788966003496,298.779123087475,4.497750556580858,0.7303860913883764,1
7.398098624598045,9.100213074645024,39.19922225944178,3.5519686331799303,0.765895781487803,1
6.2885507718712415,24.68117652860388,15.678869655032567,0.13188046283850285,0.4612055119158662,0
5.423217231333733,29.899197581194485,83.31357735546891,0.9767486094397565,0.5039323214734588,0
8.883952423718899,6.089605699084791,65.51251034098703,1.3394476930107524,0.6033110786151342,1
7.893089813568146,33.34611343571979,191.68781491052079,2.9760044061737565,0.6602348503559053,1
5.298716332616965,25.49937138226021,189.5975135912493,1.805602894238088,0.4810953635915666,0
6.047517990580809,26.580199208090583,494.0270001725199,1.8091055812396677,0.2756809926998542,0
8.168832146139415,24.202861851487686,81.98498784857755,2.1760708316446213,0.6694100237007239,1
7.499917386430989,40.17028637154073,181.82227847569317,2.6366838868894793,0.6941708369919042,1
5.9830231819924595,46.13403448432085,97.90874720844434,2.4665090033748283,0.6154888718892648,1
7.699998930657377,23.853456476154985,67.1276158808834,3.9833563101580323,0.8269008476334647,1
7.649204179819343,49.97475789785612,173.2732674167163,0.9869414881069843,0.5137686866908131,0
6.816614695633213,29.33396759704556,331.3774547158097,2.6312846849077003,0.5797571517294549,0
8.692245965009235,38.43537347534711,217.94522851079557,1.7139452624204417,0.5406172956627069,0
7.011347375079143,30.234809029778287,24.161946239752986,1.0534311094207505,0.4567532055070278,0
5.4523946013382645,9.358659114724613,138.48161068523362,2.7043177533708285,0.5659624964358327,0
6.531450062915472,14.181030263139425,361.8578093766251,0.8900083201937597,0.27101175910215647,0
6.649318015516209,6.863966456858134,37.24079740765235,2.032295969498005,0.6190301411195318,1
8.947784898402915,30.741751327808583,321.85704420786936,3.086442439197744,0.6339043528546053,1
6.520117168002839,42.552196566090984,203.59938593449357,0.5040277009139948,0.3236675108847088,0
5.864305142725851,49.72791858951947,53.22136925138638,1.3475313495184205,0.5354752028192982,0
7.60523066231845,48.885308134309625,354.2913579528823,0.31748235315962825,0.2794967757752809,0
6.258422359980813,4.99835320367473,60.70140574015848,0.2652403033895606,0.3321763302369618,0
8.783345423755264,38.70676990412122,191.72601124147855,4.729866724049247,0.892659136328056,1
8.061635834037965,47.31050388909721,456.9900658381909,3.5101862185255506,0.6377673214787113,1
5.655536441823612,32.988219694455026,409.4014276933873,2.5133204891138727,0.48564869463470317,0
8.310621772725053,27.394900835248322,40.630398224925536,0.850538860416315,0.5101844562185698,0
5.1382571605287115,36.75615727950537,417.3424795503211,4.231279059317125,0.5837846410397971,0
6.689929456579464,25.809571758620084,165.92389908810011,0.3209586123370567,0.43450673710222787,0
5.424984665758959,31.21104075678398,337.7781571106017,1.7338344218953528,0.4068317494364634,0
8.586141148975312,25.180762254443376,434.00505448107646,1.3200994891130713,0.40517114037869556,0
7.546139177030099,33.04141838839624,167.58931679041387,3.4190296720142244,0.7767650883920474,1
5.9982595446776585,35.57573663796628,165.03841312031363,0.24715641107580677,0.3031217155057966,0
5.895135010115968,48.19660509268406,0.8806033897489352,2.5998426530880714,0.5676135189986616,0
7.010671001617834,36.366102695969886,420.2737486371161,4.762250755955513,0.7032143983952174,1
5.450551087364415,40.51283528108685,165.4534653143523,0.26428231157169635,0.3212079367290213,0
5.0057184497393035,20.277915057046897,68.81025769292737,2.048933120504884,0.531400827621926,0
6.768401996982249,17.90201687137764,273.7939784769603,4.058418469275728,0.7009926278592622,1
6.54619970223504,19.17572280913444,400.08541806206944,2.636356812422091,0.5817790724926588,0
6.4518393463986,33.894643160324094,475.35918850392886,0.9130127624661893,0.23498313482316452,0
7.076410154210329,14.79742206996618,255.43433309768304,1.3226936042284305,0.5198755505644582,0
5.306487164203883,9.628237092978997,236.11884225707902,2.15969816839587,0.4626409271695775,0
5.059947372696095,22.721319213394565,298.7805845975017,1.9236517723469877,0.46519942831621347,0
6.1605302154241315,18.880419698537803,366.9095450379981,2.9521121273107838,0.6347223659267409,1
7.217598215726434,45.91256391008414,5.6610845503241025,2.4595985387500323,0.6002166259208539,1
5.5966093301697315,15.848748042354387,430.5768880608663,0.3119161389144459,0.333913217928994,0
6.04138955189624,17.276519191204613,336.9336250591372,3.4337887034939376,0.5059013238809467,0
7.484892145350788,36.37445084040771,143.2129726945542,3.478482834492022,0.7727347069614285,1
8.54293775670105,37.091104023148475,141.24983145089436,4.645062515883356,0.9785937896122072,1
7.5587015448932,7.604173855504307,55.873960029918955,4.769011449466495,0.9686026488572674,1
5.393901858241396,31.28642037591176,65.97693474427113,0.08062735439514968,0.40408016579026684,0
5.98470356057979,25.096262012902674,347.1302801895647,0.4149349286486542,0.2232995541900495,0
5.51089377033564,37.18330346967367,161.9758383519845,0.6528917470522033,0.4053033588384567,0
7.891172808226512,4.286040967146691,175.60425006118558,4.663437700916559,0.8024991009734489,1
8.05059935961987,41.64037451175275,355.01118058311954,4.4973230869504235,0.7298496513658549,1
6.039529398773404,39.63122285211782,326.390251694411,2.5559674658080285,0.5202846662478873,0
8.7460963233372,25.162060233579943,164.72083161708184,1.904786195777937,0.6509031710341009,1
8.130300509662842,9.632655823044365,314.8389631665853,0.9811259089747215,0.4598764877991775,0
6.142461545484911,45.044350743658136,127.47124191951792,1.8761139725840192,0.5576546843927048,0
6.34387624761955,19.857062345964184,172.4038337799784,4.352324534559111,0.76324840340153,1
7.431759832215436,28.014069530346262,460.9900862901121,2.2777877217735867,0.5440559927878593,0
5.678627987910296,34.721494322244425,481.9679123822547,1.8385046883984328,0.4126127208110529,0
5.862380157870683,15.132348857591005,245.69461859960896,4.440676660418729,0.7874362965391823,1
6.7336839661944214,8.924840431518529,318.84526133389596,4.581392403920866,0.6934562603893087,1
7.250537949613392,5.401525216927537,432.7123953773571,3.9843980265917027,0.6291637537170857,1
7.915836431601517,29.843827628478703,437.7566394284187,1.4035113132917205,0.42848168306819223,0
8.2761570040582,1.1102378463315397,59.28345852135747,1.03304344581568,0.5862282800059047,0
5.8582562973007715,19.035965269518837,132.65252367102,4.452808415393783,0.8462283134578887,1
7.156356431941304,2.0130180031085634,16.709825908136633,3.79991739069103,0.8164623123365332,1
5.415347117762641,40.78003671125681,46.22935258991034,3.3388889438582936,0.7503415298072508,1
7.593929457049541,41.397334781959785,60.54557978202829,4.743118026133217,0.7953980736700502,1
6.135399341517294,36.68187665936576,494.49786847874805,2.675722548179035,0.4513912816557351,0
5.184568746821277,47.540175166420056,59.34940833074664,0.06407073651255757,0.3322035950799439,0
8.972046328864376,28.107283441671182,359.86209077038865,4.748841072161584,0.8779319435462197,1
7.559604580699923,11.551043165666137,385.5036463120146,2.9942315489213223,0.5610997471039557,0
7.438399628587491,32.29507037725347,162.65029267510005,3.0078726542944585,0.6176507960813442,1
6.602195565641428,30.65716962216209,47.83805667609881,4.870920570259182,0.938693300177785,1
6.302199587459418,2.447765252133479,175.43317082794786,3.5264805386010023,0.7190301336618666,1
8.969181102108635,18.80665845163038,438.249510568413,0.8935492346310453,0.5140721550769765,0
7.873604756592794,48.3423008225096,401.9152354086547,3.4648077424764185,0.6284009968247224,1
6.12370474474039,32.50519233688817,78.4062385764624,2.9753651718505636,0.7298307752503188,1
8.275039422533286,8.360746112014404,194.64654534455656,4.826542935538292,0.9217575126958599,1
8.713722179167755,1.433418677373253,72.197843581703,3.1729011806950593,0.815746077627975,1
8.036026084618234,29.654651966316305,419.39680813897525,0.7198996032153898,0.38084509787496834,0
7.42653416508185,2.0854287978795405,366.19338576044805,3.262983627655033,0.6271872174820924,1
7.812479966163716,1.2263866199723656,108.5571181928019,1.35060127838445,0.5768804769787307,0
8.005337278846516,28.90433207711129,132.85065369380422,2.8229932234337234,0.5778720124279706,0
7.1514756744736685,45.6059933918433,70.65250353994307,3.7221016271330547,0.7352596663848924,1
5.496369344526115,2.3096564435653235,144.403627541705,1.7624663116604817,0.47624080949537134,0
5.274308414745008,17.03372992208987,329.48999947428365,4.8898755307047725,0.7398984199529434,1
7.219974082770083,22.712746637974263,5.543074103585511,2.2567623291312264,0.6856893326245589,1
5.619760554034542,4.091631170407154,203.489638301652,2.7090615086547425,0.5271102863512047,0
6.174111305314657,9.644854177469439,241.32801723098675,2.4198315826731918,0.6521684953114011,1
5.039901311396713,11.986083253775655,479.61798674576903,4.647031286074478,0.6240323872733996,1
6.419091677054068,18.309410643917314,134.36004425545593,3.888173219162605,0.7445285019644721,1
5.993186263747497,44.6441541940248,73.90111973708629,4.808983052246308,0.8630157238690168,1
5.569242452005556,23.644249421823098,207.6194185824572,1.7540691228790106,0.4619303740230881,0
5.814843983275629,2.205669664212061,345.6756885142368,2.3868300762145545,0.5330523437193738,0
5.060547753518746,33.07342856661188,149.25044392685842,3.0910739982212325,0.6120015105933372,1
5.518780383368956,25.192330921625214,362.126589960659,4.902692400073554,0.817334001001274,1
8.935198063616488,25.81762391702167,105.3633865430002,4.573969642878567,0.8790524877865994,1
5.7408205793521425,14.89956421787046,259.15401767638275,4.180081002877366,0.7253812940073401,1
5.894977532199759,39.02686557966284,112.64219681285786,4.068385692059221,0.7515119488548366,1
7.448621203404628,22.690377528074578,310.1714220028644,0.31326916670832317,0.3425744568374811,0
6.371905826775357,17.945334254803353,169.54442359172106,3.328661603909518,0.7731818158813464,1
8.511831764216875,1.4569397400648518,146.10553887737893,4.7901389985538,0.9028185154689815,1
6.919435095148529,46.60357352339598,130.01444503953363,0.29995708129530785,0.49719393984207344,0
5.874253093203664,24.110310835680234,82.89903820901678,4.581067975196605,0.8174550258654348,1
7.0098423215469845,42.18306826574035,437.19618883078385,4.980365576084701,0.6258796205631973,1
5.555766968492437,2.5352546839311385,8.436825100715806,2.3534574259571035,0.5657457565018856,0
8.856478418970541,49.51984514387375,392.2588431610234,0.3765928615651898,0.35531339915289084,0
7.22822286904781,2.87519249997849,216.98383747923484,2.5996025513787098,0.6591854353615684,1
8.164472365354165,20.065531818686456,43.31511330533899,3.554779546622926,0.8332511634578718,1
7.737103543730114,13.446112609730365,368.46891244414655,2.2240553415270323,0.47472075900164257,0
5.72210685962036,37.57061008812101,423.3030694236026,3.7155084924403203,0.48564590976410604,0
8.145602570086282,14.56599295274903,94.71197776859425,3.4070527802814348,0.8112779743926924,1
6.67886229400116,15.652963618646757,273.2063924270729,4.620531624512781,0.7275412727277555,1
5.117837503690271,45.83923727961519,118.18431196868117,2.7919006008040577,0.5674750204394614,0
5.096747064690094,6.998737463086161,44.655572609303476,1.6668516249285248,0.4424594188177962,0
5.531855976618525,39.38986127706211,214.09725427918613,0.27091068790517814,0.32248738858433856,0
5.660174872481909,26.855972031408637,119.61817217962644,1.661502580806426,0.4111155038214588,0
6.692653103270022,23.976030916849894,444.30697931576134,4.924746695056294,0.8240052924266674,1
6.936725014303391,4.397815514180371,216.08147838809694,0.48305362893543924,0.4400434010632918,0
6.036117564020559,28.19117652044204,82.14194794365632,1.3855581334135207,0.47793400354087473,0
8.038066705403093,26.777263046818714,317.37265589599383,4.662815589469631,0.7517020848946279,1
8.792659868679529,39.36566491781917,234.23105306441167,4.7072736139900915,0.808770768960798,1
5.909889478041244,10.243424406292023,141.27115419724774,4.590779830486946,0.7344212731548856,1
5.854862144885658,27.880247366697077,332.99070484821135,4.9886164173368,0.732455643148808,1
7.702682176180141,39.87983014828715,351.82058934553163,2.0491099232075043,0.5595604684774234,0
5.3804360214766165,43.34782353365122,224.73136576010705,0.6307352500777197,0.3289735671111751,0
8.305103090726728,42.994942455581516,452.7995578571508,0.6743598537907786,0.3168550122711324,0
6.286681389874772,44.009286672086915,404.03910280096403,4.052169980683108,0.6729959133838374,1
5.805746002173209,49.59869186840719,313.26999773662726,2.6344140006847856,0.43001107838426134,0
5.814758631518993,22.714708989420036,43.41778236356636,0.19147306340762615,0.3466026584378944,0
8.220127285141018,7.937405221505422,122.6946734979334,1.1176960586474642,0.48736265409783536,0
8.472570382515702,19.91065412952008,53.248679262554,2.6933529550325512,0.7186108914209458,1
5.604590892883049,14.061635235778052,345.8856535318176,3.0260394244893556,0.5191852390268118,0
6.902649690680943,32.99964168074189,393.0027517140251,3.5397923577670043,0.610290020238652,1
8.885080131260754,9.656026868714703,79.87796562095001,2.4036800438350197,0.781902920356781,1
6.251295293839368,24.29884816897325,423.17851274807697,3.5222209908811686,0.5787348108664138,0
5.592423473314373,26.88330219125284,90.06578654393826,3.6902412462628478,0.7070731352904387,1
5.72538945143992,8.853743234296703,108.07530199521898,4.132069312090999,0.7711078502065619,1
8.573570928962528,29.00409584617759,349.9249678428581,4.970576171264234,0.8123071744617778,1
7.3437603825542,36.49571805487069,77.96980407777876,1.3210397803336145,0.5329531314971431,0
6.41580052441726,13.382767091823974,335.9855323475673,0.9392630878161967,0.3039696153177347,0
6.426794081588993,37.894165882498825,82.78764758017721,2.356058281696879,0.6992042805385662,1
7.9249700608341875,3.4205747805596567,202.88859029452132,3.239836806935675,0.6794265669245836,1
7.092293684808614,31.31054718660478,120.7854375316893,2.959493606932893,0.7112814074266689,1
5.810428824060018,22.065860750938082,113.472442824051,0.05626929820673754,0.32691732206622076,0
6.5412481446527835,19.539817735456886,295.45451402034445,3.1656190914973807,0.6187348028234673,1
5.806602914202528,17.836100195446484,375.7732239297142,3.6115591325587775,0.6140507512703876,1
5.550410277190859,37.979920808626694,16.913070543170928,4.640962592644945,0.8840097247382854,1
7.488929845879044,11.020670846139188,228.76788788752444,2.1248091671731304,0.45635873447332703,0
7.03585983712023,4.393684669093849,190.57590307948846,0.4576165167157864,0.46702819872952167,0
6.501321544585682,39.66724037034291,66.2649677736602,1.9560279014337119,0.564006030741876,0
8.295442284748479,44.1625956928288,275.6105421063734,0.20260692051832674,0.4587181184614123,0
7.495354958071564,46.1839970951325,469.19003651220595,0.3177370713474481,0.26605136413728714,0
5.7948211565040815,32.11591814680364,86.91478209769876,3.7000367566462407,0.6252826081415579,1
8.526070732005461,44.87030941965298,385.4603643525485,3.271123084669379,0.6478796265235623,1
6.138482759215238,11.942531304288474,59.99022119273928,3.7270564173023746,0.6626361963463058,1
5.099052167724102,44.44582592468802,123.79725013970383,0.7689621155319332,0.3443921988640439,0
6.084158537019368,11.312333561875207,178.86615601831258,2.911209473593399,0.570490045259291,0
7.022816420250934,6.179829731861408,58.05236732007091,1.257741531174375,0.5070023104729637,0
7.482762348830976,14.70535470409942,89.87808935731884,0.644253187369615,0.4500827207836395,0
7.718715856564816,17.596485528655574,479.11076463509994,4.39127566782479,0.6515880418104336,1
5.179524491454748,35.45243310411902,248.43599783360065,4.176811816503441,0.6953478832840084,1
7.9480048913556605,15.877589472529785,499.88482816883004,1.5169780487402962,0.43121569455874303,0
8.678357584139508,5.724006188890398,330.8276079700764,2.643366653929892,0.6045283603823891,1
6.968037878287731,8.440511183133566,217.3426549910471,1.7327900875376274,0.5189336474621603,0
7.517259604662618,35.03793834358049,294.6242341827283,2.593144994087174,0.5781434515115111,0
6.045096395878582,23.048289738013082,124.24615770281471,2.523876816718067,0.5969899858610043,0
5.6810855960192175,26.912881316811262,249.23040369164994,1.8988165474337282,0.43744270518008327,0
8.349904759461342,18.461804637761936,482.62694426683674,3.472736150665943,0.7065189410568411,1
8.553904678072055,10.837123663389242,302.68819856397266,1.9883690817772677,0.6261727802563998,1
5.525753803204169,12.555327447311285,101.06999304413921,4.858123793044493,0.8612722721239102,1
8.534811280531757,47.78933766751271,229.81696692792514,4.65374305634568,0.9037720400404784,1
7.807785362050483,36.916113090245425,33.838674432634555,1.7150233094362832,0.5650427761916168,0
7.160438072118041,2.1675365452269815,395.1389081796484,1.1900051538555574,0.40541684906001824,0
7.891265587121686,8.850169998628994,267.52043922481215,3.7013685090757917,0.7366310212542849,1
7.233483689196444,21.765442169678355,300.53265920201613,4.076045998303149,0.7381393416108807,1
8.93860554363302,5.036035810119861,328.3014812086591,3.093790574583136,0.7505882376937346,1
8.529566435218468,19.3386345123617,242.34818307335908,3.972809305155171,0.8498801122738326,1
5.857911838713447,8.433700763929902,162.6009664341192,4.344131514189997,0.6821130257364597,1
8.932313525591363,42.65799587815254,475.1340495331095,1.9209032657831364,0.4667725361423412,0
7.227503504010426,48.35501905116212,326.4555323128589,3.2140852561955318,0.6523904021270553,1
6.931142934099942,47.24609311899196,111.44823086049959,1.117837999823546,0.4756105637489359,0
6.370433755518624,33.140799490909174,338.1865606018357,3.28219329237883,0.5491492531672879,0
8.5062631849711,7.020092047390387,247.37065476340732,2.850188972637793,0.6160412425573537,1
7.975102773933919,25.489462925054465,338.4792145492901,0.7262345153857758,0.34193509448998494,0
5.9117580528897635,48.41150204309828,254.7294013653724,4.319172414037139,0.6839440320902077,1
5.429895545218853,20.222809349065383,224.00000553809573,1.1180853348151971,0.3766803270541692,0
5.145168405764488,9.990449201745905,334.1775118394948,0.8925411183113618,0.3472602792213641,0
6.987338179318997,23.560237231589348,472.62796751081396,3.3809199726904837,0.6652046738267384,1
6.800566799464942,7.2993710426136715,242.77870969493648,0.8458842922943938,0.43581944537699463,0
7.475520249882825,31.679606014384984,156.13827783790057,1.8070601201561298,0.5768395726162635,0
6.820572747432909,49.622586797869275,364.759611746353,3.3704176904197287,0.5783813042555865,0
6.660714140881267,3.870122191944367,296.4218507309849,3.841493593550055,0.6810415582932272,1
5.4623410525431275,46.43815180064142,468.8565390509314,3.340007767211576,0.43055931669884573,0
7.839621746126719,47.92978514412967,168.4339317850082,4.884053668696888,0.8712866496491025,1
7.921645790269817,24.640460242744908,235.56619832602905,1.2794027532579533,0.4635774839761649,0
5.710140032809516,26.840958981469836,387.0449275817633,3.4142746662925583,0.58309497803401,0
5.617466624801342,3.3279686147147913,456.18296630188235,2.785164603341736,0.48996004031097473,0
6.757402221236478,42.396031929055624,63.188070135192845,4.538661280209814,0.9076909086454775,1
7.545693154457659,16.406324415712252,343.2718011081078,0.8200071194349962,0.369177951530556,0
5.856279473128263,48.57002315517046,357.0037107498909,3.7931250968536285,0.6449313641574341,1
6.215319148189419,15.98937322844218,217.92443538099872,1.8036627626759938,0.5413807472972431,0
6.295557297740682,8.216788382544905,88.51405635228005,4.7376180565553465,0.7563080524735717,1
6.286123831052763,46.96886121959078,275.36818174574597,2.792797739745459,0.4916957879253924,0
8.26081989022688,48.431537118749354,201.09655441191433,2.7354130696928243,0.6519412160044974,1
5.912551205214241,41.55203368765091,324.13668329165847,3.9573572622466835,0.6967610376490245,1
8.136639467986774,28.220482589059753,446.30702332852746,0.29288777828766377,0.3299805362826501,0
5.7070230431291105,24.46666245347223,372.38687153357085,1.425085060307734,0.43438208509004667,0
7.41789997982551,16.353533934136514,176.44698507424818,3.1044862630006524,0.8051462722469089,1
7.1309189124143835,24.573719799545415,295.8430166676751,0.5209003476670748,0.403435162587821,0
6.734638008077324,4.998320736752088,57.1024201478107,3.3549634524790544,0.71801661958768,1
7.526405501037847,38.256900062196955,424.1400432997196,1.5108174202151075,0.4637215324966637,0
7.1468318706421226,12.811601888627242,337.14742064993777,1.2590543964751029,0.38226066017360666,0
6.572674373777334,15.17323423445048,25.574449930069076,2.804356363346536,0.7167737184327886,1
8.571475043419893,47.73152842896466,225.95403292525594,4.160159806152537,0.8688114693359817,1
6.738941375809493,41.51641754097116,9.145617226439862,4.031816230416244,0.7860990829329321,1
6.313420820124401,21.682251112672034,321.254466673806,0.5475612060073332,0.3776120678616308,0
5.922636011275966,13.77640157012057,366.0854940593024,2.479884610515603,0.5324341332302147,0
6.57803718455437,37.24311045462739,459.92768497761034,2.709174115374049,0.5716882702888482,0
8.695543066985,34.387248925030754,351.09043189317686,4.16088520154468,0.712342730303973,1
7.021568877615598,4.337953732161322,193.6749508267016,2.7569509679022097,0.5836407866468388,0
8.618853898616457,25.48788241881485,495.0249792628192,2.457678321617711,0.5193663730971768,0
5.353812032780183,13.303376466016694,411.6404868070256,1.9801928233262034,0.4421347827801109,0
5.9983398131527395,4.393579897691175,43.52280000357284,4.7824572636947345,0.8993747070535157,1
6.542951210080498,47.68219995861468,267.14498470037665,0.8911695104367573,0.40612990959422823,0
7.545812947895108,30.148965665656913,444.435983534365,2.7188855707964072,0.48546936955034725,0
7.591812065727725,46.24744480813892,222.20787026959243,4.3028263721413165,0.7537592653713538,1
7.074709205356571,9.131048228150014,291.5314844122939,3.5044349161229364,0.6681026090983602,1
6.285969136766903,10.647182683857697,188.93484798653898,0.5410674189906817,0.5042009278657885,0
5.68080783559968,48.8739667870832,83.5987378226491,0.9519293369366078,0.49799274175954,0
6.194431499306576,28.855906593559,180.8694644180836,0.5825837801567285,0.3237401525293919,0
5.380731985514792,38.832219993882966,7.882347279477841,0.34735073582305154,0.4421706564709129,0
7.600005052350607,43.72373412147604,439.9634229393966,2.499173202741999,0.60297170595099,1
8.594422757547619,4.850273668938566,171.04760682554308,3.683747650134357,0.7813052174787675,1
7.92644153429592,20.844214893795904,48.66303245550707,0.419343347039709,0.5263635680636417,0
6.864377375557223,36.99295352832234,88.1011951233749,4.0500167428559495,0.8245193883658392,1
6.165016978367911,41.37260280977925,289.40995120497587,4.238307449632327,0.724330452539947,1
6.5510583963824605,10.856243821197006,16.396776313494343,1.6144147611212145,0.5880299447931135,0
8.519572433287788,41.67165128818548,261.3933048554412,2.145873451587134,0.6120925057091534,1
8.784936371568364,31.80924704549858,20.677141892033013,3.506148288344721,0.7894467199853789,1
5.43270629256855,28.089887531505973,409.11387032982043,0.7062034729249711,0.3298056609757426,0
6.4931736655729875,2.6693366029289964,373.5627386006432,1.8711864255392467,0.48164150463144706,0
6.189968165636655,19.02566155782879,231.74279132901492,4.733530036995664,0.7488886654821518,1
8.977915924602707,19.598597091890753,105.59383118987687,2.7655305395288683,0.6803816956132047,1
8.084431973386504,29.513853636459963,362.62882858935643,2.6409586210637164,0.6634967228157665,1
6.001803427545402,11.508450279488429,28.164953724609866,2.0776916037808983,0.480839102678968,0
5.580508691761567,6.438828699123209,210.78393777164678,2.002891093867632,0.4682978605041079,0
7.238943180397273,15.627458317568417,340.8396065090573,3.3174733477682206,0.6680379546066944,1
5.452056452195729,2.1798915879005416,173.80004909512954,2.923887078370135,0.5546695051980423,0
7.838753774172451,36.263409436219916,451.1223096165361,3.27500462366688,0.7156575967461624,1
5.622574949696359,9.948214464834793,127.62715987917484,4.81389421527533,0.8526860385962359,1
8.099001486613577,45.53540338770442,355.47318435394266,2.427350478065513,0.662469194999331,1
5.084351617911837,2.6246742381931263,277.9730956009052,3.5682949672710693,0.6243173789654204,1
8.583529061720872,32.43559725749118,3.625476656472504,0.09374167415421408,0.46865636834189695,0
6.240802870492907,13.125901033345592,122.4038620180588,3.283858872479418,0.6873198361776438,1
6.8194324534324915,9.22039785533677,86.16989321742197,4.689985092970062,0.8242889168906171,1
8.38175147558654,36.4936726726477,151.8190398201983,2.0060179345993436,0.6247635809735945,1
7.976261426701361,17.889999479669132,7.4390597212388165,0.33823393442282523,0.45140955781216924,0
5.095649044097346,39.17255085728429,464.1101806539939,0.1977346929319196,0.16040213948309062,0
8.469500603917925,34.84201907693352,175.8681512982082,4.015956229509547,0.7905908682111851,1
5.514796668004601,37.29902096032595,144.77475909010766,0.4550950989253044,0.4022700173205098,0
5.184739420723741,11.844721837919232,471.06139210179117,0.2000115911126088,0.19835556809701232,0
6.754861112288416,38.037401370158676,240.3738009433304,2.6889712789276103,0.5793609777477944,0
5.657041324614531,44.4933530602124,497.95261493495974,4.6689439015173075,0.6814084987716361,1
8.424535269699263,42.38071943193291,414.5749991056455,2.1324170900720576,0.5060205590939292,0
5.60463843282514,9.3017144537686,460.3286072361178,0.3283093254628905,0.1553303650792566,0
6.6512287379370445,6.377559396800601,243.9394529114581,4.340679143456516,0.7251017373273712,1
5.21219152685914,20.220507174493118,277.38584269688926,3.8373976740625,0.5709135743398511,0
6.73451757797044,1.3199767699703626,329.82233857122617,4.595125525976333,0.6764783951339334,1
5.175489903998857,35.47023334020876,282.1706361139581,3.3767280058688454,0.683918494069029,1
7.076391724672256,23.770293276513197,440.70272355060507,0.3491529059328885,0.2620035699613173,0
6.921957728246129,33.15850985863584,195.2560831713383,3.5561490306261008,0.6739147416906267,1
5.699123066024191,5.010045893223566,282.8014975400044,3.0753072785636744,0.6778927384606064,1
6.052062358511371,14.261203444670215,277.65338383532094,0.8672496562179149,0.42450269652431855,0
7.007864936543076,7.533630808690654,122.0998414307653,4.928317418723624,0.8301476907351409,1
8.251109437280807,37.6954083048863,322.30073603289276,3.3824740977794736,0.6322546211757737,1
8.248493322009326,22.008128511340942,192.89096778299998,4.753874410911508,0.9897044075538378,1
7.252948933074677,44.41486763326002,49.36346108698103,3.8637771399126635,0.7612822195717375,1
8.823280653364927,38.934754098088945,149.57742976699316,2.319458135933625,0.7330803592119332,1
7.752045397152549,34.332060792940965,219.3203167831237,0.9242746809592955,0.5230890555851858,0
6.731182866592258,27.571154647564512,25.503280452990218,2.1898621908494373,0.6122574988293383,1
8.693267648235828,33.63443572438089,95.64185742509446,0.8557416014437425,0.6135518576082072,1
5.651756196384255,21.496509939300033,147.70620040397066,2.115103659084985,0.49928873846553173,0
5.646741499983188,31.83388365943393,115.46098411758842,0.9761839481157253,0.4179293929793925,0
8.169128906434596,45.10448956500511,310.1909196681285,4.509301241556042,0.8132255571502492,1
6.727294471534561,36.14536437689558,117.53650684633587,4.21198113069177,0.7332185426824991,1
8.231450980793499,15.312033301142819,365.1365099710551,4.447494801480588,0.7109510212921378,1
5.3914002078304435,23.023238343465298,246.63248863469462,3.0231552356949525,0.5522668642627635,0
7.441450104894821,7.41178643379097,388.59945467439644,1.3244225526744358,0.4055084625263111,0
6.453621039526628,42.47222743717706,25.091520329305116,2.809126637447599,0.6365431769823068,1
7.015835004148627,4.653297733608719,46.0664129058429,3.9162737421476885,0.8312430099015459,1
6.135997441598637,19.259293475849823,236.8467140815696,0.8198839010914027,0.4151248105148761,0
6.234082476240317,8.834471387800523,355.6492600396366,4.841239806902764,0.7377041084035979,1
7.048121177192071,11.052377678364325,71.22249384669371,1.475580866888449,0.5490976491558849,0
5.005961370155864,19.90490973741971,182.97293313409602,3.339778374180738,0.622130529871599,1
6.492651938132305,41.97222307158486,33.57370331212994,1.3993092705111603,0.4782533833352084,0
5.416019997441904,13.399736908151187,373.24348848294704,4.211318499259453,0.6707091666418308,1
5.592168467246045,46.97557485223273,337.23041312357316,2.6968912812018315,0.48639357338632067,0
7.626567343169616,45.112148214290634,38.757691161079634,2.235332385600659,0.6038976190471071,1
6.252357076897458,43.172508967114624,112.5210032764638,1.647037072106764,0.5600661124733018,0
8.656621059863449,45.94954660395986,387.7960010483703,4.575401106557161,0.7976725098210732,1
5.7876556309101375,9.653755270045567,187.13852807024296,3.088165248875083,0.6242325598089007,1
6.784349863153752,7.199191941482034,78.18189006854625,3.5473344991829943,0.7672792129288021,1
7.8577135826198505,17.66437173458549,358.3537102628662,3.9278037952839178,0.6891802122861458,1
6.074291468573215,5.636436638403509,184.66902033667205,3.1306590707584276,0.6526027600355607,1
8.11052936723483,20.668833825165468,360.55447904720484,2.133051021216441,0.4988658160437775,0
8.77021965993634,25.67326333034348,13.235188459268354,0.43306724180007306,0.5973469893830713,0
8.484579686963306,15.653542202363921,90.16050145869214,1.2017230828650949,0.6146404188530818,1
5.830751110005487,44.26622467435291,125.55474716878828,2.9005831034693474,0.6272952389863171,1
5.023827095758292,44.233649440998924,411.6885474996788,3.2801651285857862,0.47491615150930433,0
6.758718922955841,23.490491470820526,340.12878500885745,4.160598116830481,0.709637125873803,1
6.011732385741913,38.6271252398683,360.23743114383547,3.1226374415540405,0.48852732142794253,0
7.807898227250499,47.17625206133064,92.31926712642286,3.4447832373031293,0.7883527320477974,1
8.389515089681938,10.354765300678507,127.5611188703874,4.438162454517852,0.7811937097025418,1
7.960297286553066,35.16164334973498,337.31102180772757,3.1651012524244986,0.5319772780848577,0
5.950407150498496,39.99477667948892,67.72104342187247,4.848785885794195,0.9680955775090956,1
8.031436362040795,7.095721105289146,106.00118639931294,4.948419199982832,0.932639501662635,1
7.569008704623799,9.026178786633578,56.0728326933565,4.564326988265329,0.9222996082369362,1
6.337114396577913,42.82752424494169,162.15284682018427,0.5765195012996654,0.3339467817856005,0
7.080212520915409,27.922314506295898,353.36862664270626,3.7831253440117303,0.6671848578696643,1
7.573398688534121,5.370767044181061,459.40234145715044,1.2803584546058437,0.4551267526479714,0
8.937155701977282,13.965887689584648,164.56888516867545,3.037957994779771,0.6667859643653153,1
5.593675762978125,11.476573385804633,377.1501412962275,4.915468171251751,0.6917319237401311,1
6.3100209752645675,3.786579127574466,463.83766596185495,1.5593992491617552,0.4209796696749423,0
7.256458584880838,8.92132173191176,480.19874092586116,0.7056625831688024,0.31736960841638256,0
5.750290702985287,8.00051568056009,311.6650214780746,2.8885333606209906,0.503306541961746,0
6.629775204648912,12.864076674978826,67.8862548765204,2.8950086772218615,0.6916500966022717,1
6.398847932374434,27.24800341967248,161.13349397522475,2.004398295032556,0.5305369300083138,0
8.527366277814952,34.250813606287146,468.3586217533189,4.16448931254732,0.7574420891584659,1
8.279769938617127,34.18428489583542,255.03634511572398,4.079509951494515,0.730526875378592,1
5.406653647930175,33.87776020281711,267.25157850784626,3.0231230740283097,0.4821440603143954,0
6.333705738944364,9.801250015059026,471.78547468837104,2.568724305087866,0.4319967233599043,0
7.180981000502683,45.20665392005752,112.70849094594315,0.1889671622683975,0.40770731846204894,0
8.947608228358636,38.29071990244313,62.425628768110755,4.019768710590515,0.8924733736425706,1
8.0019023696418,43.84854468837632,137.07066665192792,3.970649846661737,0.7955112962808345,1
5.445765179632515,11.402914463180911,408.63677513357476,1.8357150681405732,0.3891205751098353,0
8.69038094376659,13.935450196619941,36.589780519445945,0.2633778341081333,0.5299471696459754,0
5.725302572738503,10.466412538730484,15.998131215382738,4.160493812051357,0.9019951565381614,1
8.268417378643687,11.094569116132778,68.42454642767854,2.19148960108049,0.7071081810901505,1
6.318824617568275,17.950285853975956,154.57203538308744,4.87967232562243,0.7837063624091666,1
8.919176568924746,45.574220074865515,435.62741259165585,0.317935837828508,0.3453155588242563,0
6.914416346018971,33.682294286316235,243.9395156324923,3.8290546665152143,0.8341502486259211,1
8.528870306977264,31.198162099875766,266.07729244655445,2.899287513639746,0.5820332597728556,0
6.901647469553032,23.18362986107163,292.35114882852156,1.0387753893099911,0.4423319392389627,0
5.942536942104569,33.81240635418332,441.5210244717652,0.002555782392597017,0.21764653686143431,0
8.527752593071169,48.920448480144806,54.749889240295616,0.6465575111419408,0.46880849952612086,0
5.626214926381497,48.47558609245015,461.390936001004,3.5333382311948,0.5535795330150273,0
6.416418911815005,40.500192114744344,201.88982699363467,3.5919655708035503,0.6744190822307483,1
8.79524191599727,23.74571668303955,404.7532791433015,0.09357045000514541,0.2499655446624443,0
6.839164122344252,49.140073088366755,205.70441043802356,3.257073235907695,0.6773329777267179,1
5.244683135328362,1.535533823653708,297.9791927832414,4.377944399402071,0.6993006400809867,1
6.5684929706194595,31.223892675811744,373.8685661246148,1.9192587838122832,0.4682298879576428,0
7.7171687824978035,38.53947146638522,291.69244868148485,0.8057864353271943,0.45111868197937166,0
7.833797375064293,46.97661421796279,368.7882446142546,1.8316718239711094,0.4919374426510314,0
8.594334338437351,28.627653574133173,207.94486270220557,3.574690460920241,0.8661712182804052,1
8.203453749047169,6.053935491410627,436.6507524544362,4.298500858572896,0.797697783732948,1
5.952966235274662,7.886560736973175,18.557521624915697,3.916809441477483,0.742623294457245,1
6.102975735188785,4.435227643128951,490.0282205213937,2.054775305686229,0.4433993858147116,0
8.126505389078943,42.548511403470314,13.871033686744028,1.02987897305034,0.4772407075422224,0
8.21948418490393,6.166331071920406,112.63317816914653,3.244151512236485,0.7971304332496313,1
6.437715471525844,23.3718946487395,41.5321772294433,4.148532049683671,0.7838023538118173,1
6.748514362998614,27.747758609885388,352.2449046868054,0.16959440441715323,0.36683984275700704,0
5.248574397751364,47.245742014684,102.72218732751432,4.065786558528248,0.74007788800875,1
7.006176898330453,29.30228224292161,163.16676126008701,3.8934091600487126,0.7795828115484784,1
8.432800660371926,32.91628009836079,249.52659918993623,1.7587883804071447,0.5192128408935378,0
7.861002841746662,2.0054159379657994,452.5808093864183,4.430429936291825,0.7237732617015457,1
5.004511384683832,3.7774776875057263,472.1178085399456,0.860567366118069,0.29887758390192265,0
8.573524551385274,6.368857106884181,214.99256199118892,4.791498509323097,0.8132520804259007,1
8.946955453318502,21.301017063903082,300.7593213474331,3.7610221331784865,0.7955170052583592,1
7.554429296750839,19.30404897957351,151.39426074050388,3.820329008269079,0.735065258817481,1
5.227279456969102,41.38145698533315,93.72707914335466,1.3878667805070082,0.47273834351221,0
7.205353613842478,15.08073672512886,359.8880127967992,1.12042341477619,0.4437790493643283,0
8.877120139105424,9.40339714952686,336.6100649026199,1.488934813435565,0.44745002431155473,0
5.83204633045084,43.44329721352061,483.4303712267858,2.4527149927692733,0.3607120965896071,0
8.176965273692458,3.8491013239276715,295.73808651527844,0.426594155096488,0.42804456451954687,0
6.7550888229846375,19.11856207025976,369.7004108466133,1.8815960633530437,0.4853362966454844,0
5.908905415004675,47.244788634768234,394.5323734534918,4.083729234380529,0.5954508157509637,0
8.690875724804958,8.522790571501755,398.7335013058311,4.164976984873649,0.6918519344199164,1
7.02133898834253,34.39617304861542,462.67258644068016,3.745172568405977,0.5486909306760512,0
8.892841862613398,47.23808685012962,249.51333033919155,0.9890763110390471,0.497111702418341,0
5.829960407552026,9.944524081316697,282.5575695737459,0.6747933885131208,0.3433368699889283,0
6.915424557005468,20.65947954646495,154.00650281527322,1.64917481807964,0.6214294993140802,1
5.3928336585556,31.897611978233563,46.288754115326014,2.3373293189812565,0.5530154175522138,0
7.220838307646658,35.036962320234025,445.04187224417564,4.072773667227789,0.6648527782690039,1
7.32007697119073,37.64263259280587,260.7541000192137,1.0015920747962814,0.494948337507513,0
8.079523267632077,6.359570481111043,233.55260453381453,0.8963714526485389,0.47578669594648504,0
7.948898484951179,12.12439656096095,455.2074907788048,3.942993504798774,0.6575136650284142,1
7.260963739390396,48.412928573522144,192.12198390313716,3.835008758744136,0.714586398206848,1
6.562310422177222,19.144682722310613,463.4993632826081,1.9306120714729396,0.47051394856724404,0
7.115125972194807,9.61746906515446,306.7891773280289,1.7483828853042698,0.568334789710145,0
5.234175223973274,30.988440290335873,498.451812025769,4.265805751399509,0.6322898792080694,1
6.197171839782996,33.551927833702244,448.3195814197541,3.2431345119547124,0.6077822208639142,1
6.2382676856865285,39.52306734732823,40.55785280537116,4.8404395528450275,0.8791278521653467,1
6.690035374417285,23.250128379093184,216.76937940054546,0.2908750299955565,0.3689544363760532,0
5.058815646916529,4.225940865095941,434.89171532861087,3.1670861765256735,0.6004185039011264,1
6.9597704056577445,30.902942909035552,468.57619317529094,1.9901953540756934,0.4597365486757813,0
8.053079399351615,45.9146721822999,408.9300884163949,3.4348102641468943,0.675461616489543,1
8.323074310077324,16.948078857683093,288.31473625694457,3.1700629059235617,0.7289442295895038,1
7.067868524667386,4.679354460517993,281.6044129218757,2.495052862011776,0.5896508322599864,0
8.607388862542482,9.287413211384605,31.815506072885803,2.9395251930538056,0.7023763361506614,1
8.49884361774473,13.996738790738862,454.2027633045479,1.8925006846967047,0.5208690563113292,0
7.802147915255329,42.080572407896035,402.17956675930463,4.413698171581634,0.6841202141231895,1
6.086519805999519,49.4444207901892,79.24676235736267,0.8081306311531988,0.4755780218904153,0
7.117469505236986,33.28131753279601,136.98935075035473,4.738896043974358,0.83486434390523,1
7.116878673073584,2.3794333221217894,86.2679911432842,2.2917477657119285,0.6206724224343197,1
8.256952384205166,39.612456868826484,26.439351559201796,0.5207878947597816,0.48700836965232114,0
5.397823802290285,14.307774749424748,56.80511189648346,0.9774043647822134,0.4324360494268872,0
6.257855125764457,13.695562744457435,242.70051572933292,1.564314515670877,0.4400398329760222,0
7.573919406775113,1.9948847630173732,411.6693179348341,4.242769402493519,0.6696565732618214,1
7.758303216385679,2.871259577266496,337.8257313733564,4.815226431954515,0.866571263122066,1
7.937660976904241,26.532261310513945,221.50963229388577,4.646101421670644,0.8903695192114096,1
6.956858791996445,9.870936758092437,278.83131886174874,3.5290106043263005,0.6435523066457242,1
8.309338139592686,5.354505512078588,437.0648777117109,3.6961276966680954,0.6756989326712721,1
5.112783525578731,23.774980567970285,486.9007170691057,2.856505815434536,0.5063051518297323,0
5.105240537323916,43.9983862332259,90.68122594172256,2.2431518688641807,0.5650275767930526,0
5.776970562362262,30.723551128151477,393.3353858503569,2.7250585919402854,0.44265865652031056,0
7.595215917365475,39.471638268067885,492.78715730716317,2.459228282001997,0.5288727712368809,0
6.467850281749602,28.677598863840554,365.8056986289532,1.8451741669836492,0.48872803356449435,0
8.596486984634863,2.967340644114006,360.1573048986638,0.5723980402700879,0.47485065019416206,0
7.269006353195624,49.31234344407189,111.42861612672633,2.62922045203213,0.6661131659154754,1
7.182582215202998,1.826822969677338,319.07017020537296,4.493005871436172,0.7922276391861158,1
7.774138369164399,30.169978025062978,41.49322369688152,0.8411499712988252,0.5445569733249023,0
6.65105236703635,22.042430930750825,178.8690929688974,4.743768851921021,0.8619224518329553,1
5.6866962672743995,33.345944428272894,31.478120771399386,0.3912818183437461,0.4668320053193995,0
8.349195875261485,42.95552622440036,259.8427249074937,1.4071238440981397,0.5446176198317916,0
8.10568644647606,20.73654015941363,490.2508527672094,3.7926453557797384,0.5985016074421047,0
6.408439480824937,16.56089152580726,67.8977078852434,1.1219360987520917,0.49674512795511305,0
8.682921201308252,32.313926296762844,460.36139373520706,0.28021086531822836,0.3558211481940331,0
7.975702477312798,18.503656365207778,28.454035800016097,1.0572132889502783,0.590814385237526,0
5.043751352504286,16.81469169814664,99.14887299913883,2.985619335886556,0.6535983737207872,1
8.648665132877912,9.56481343101932,178.81239978924745,1.9386978062448739,0.615154942397074,1
6.642792853548495,11.863540172257848,469.2479059904911,2.937794846236054,0.4745101417711597,0
5.5136448832016205,13.80569684170705,403.58593100426674,4.102559626986218,0.6782772694738226,1
6.143938437975605,8.784344781109528,91.5124184529118,1.1612006157933918,0.5022888509869448,0
6.080675225085783,10.260295084751386,66.60431566366081,1.336157721227299,0.547658239328291,0
6.763674507572423,7.27927317028359,302.13460290447426,2.3384589745095337,0.5616745612639804,0
5.0985791384450785,24.22198894394554,408.01126238763493,3.147820795338094,0.523199841779882,0
7.7550251438991715,32.39009053487889,224.80835846590293,2.473205626911726,0.6224150315091731,1
7.924740713013167,21.2208003024046,447.0693113639288,4.061072848064817,0.6615251889889693,1
8.887735807746498,22.44156815094019,478.2132075448962,4.38043254499472,0.7498090165323579,1
8.448385125259806,18.473260336683154,143.48756838259553,3.386069570447596,0.8850669956943682,1
5.4790887572373395,12.016313121642371,459.1180916132898,3.1656537068149575,0.4863042808602556,0
8.203297981046177,47.89564072446799,334.9178795839964,3.1447957189117046,0.6700490846418846,1
8.623721069811875,20.418997638795215,280.2982520335556,0.8470918449150466,0.42465969706428197,0
8.450627592793095,2.0435274113486415,146.29225007849817,3.3305996442788883,0.8469345237507218,1
5.909670306265101,27.956001163282995,184.13142831306962,4.251984929007,0.8444144120077985,1
7.642657265716547,34.77686319314426,228.83156976142993,3.3396983342694813,0.7203908711492846,1
7.210118354181576,31.669383655662635,73.09123756276526,1.3776327674934725,0.5723791992492145,0
5.0617807814574345,30.63713600794224,293.2865061136565,1.3349378962956981,0.4652501582715376,0
5.5182236671176295,4.573930150479882,115.86033184704375,4.007344039159608,0.7183314817095975,1
8.484130013729848,14.521441316068714,27.931337013645642,0.7355248970773753,0.5655086003401781,0
7.759829564826907,23.643956268435005,250.19247459183075,0.12469786875289435,0.3637904399603411,0
6.383664184600139,2.66703285472132,333.01611098725533,1.569936485851161,0.3625810129487795,0
8.162426093441269,14.674875420573086,475.57743701055654,1.1661990932032857,0.4114911778933259,0
8.102234243910413,22.472241571501655,232.4057417357132,3.8313734008965925,0.7348275142973907,1
5.42883156463718,27.682162133794325,427.7979818412721,1.666167169683816,0.3254241137562235,0
6.719095121835771,36.427683021930356,479.051986276581,1.1004843001920834,0.32137648968473265,0
7.564662416328038,40.25364051392091,8.635456090193616,3.6389874549380434,0.7374277175864562,1
7.663625604159906,37.10846188331262,456.12612367297703,2.0259051296004893,0.5157866298129198,0
8.886576250154194,37.20963229205594,194.59763791840783,0.6741383794785288,0.5128443978012216,0
5.6206524903618575,45.22704565503597,344.76409414968026,3.8088012144565724,0.6779026409740989,1
5.563483221163116,43.52356110680112,20.693780731116718,3.6785803631908616,0.6863991652683381,1
5.833187499862879,6.140612631848973,75.47955218493568,2.700420632958689,0.6407980011490082,1
5.971553906614599,8.502604359449887,144.88774355983392,1.946120835394713,0.5110947667648923,0
5.838323417994809,7.102187154821997,173.34400195501172,0.023842475950147102,0.3811869347175763,0
8.39939288885656,12.54233261473779,178.63633502298137,0.7093990770830227,0.4508299253232766,0
5.358630284543522,33.09177141955858,166.22165116254,0.1047725312423331,0.35628311926124023,0
5.065243990724694,10.786536232290787,122.70915043193564,4.512207946554027,0.7672703498405917,1
5.043183081815783,36.154878194863564,347.4639363881583,0.6559883016903739,0.3466287141217228,0
6.59551468917976,20.74285611847547,421.992474563086,3.1332522046704603,0.590233234733728,0
8.35734384113463,10.092889859724972,31.718351335538074,3.1482745837824586,0.8574278507680501,1
5.933236134479279,10.64087659682194,154.36472649265897,1.4495500344500778,0.5005530757701213,0
7.338652748772978,4.445141517679383,13.970987415289294,3.3007399470807384,0.6911776445828779,1
8.794337256837856,17.546915449761215,26.113848203926647,3.225425752572033,0.825644372112787,1
5.993486684818839,12.142397396977799,472.41750286700244,0.49390889566903295,0.3082431486823221,0
7.958983778403153,47.522857216704566,110.25296991169591,3.0184768730930376,0.7294621831938982,1
6.2001372497578195,7.41914598026344,250.47129373141075,1.8084387492702407,0.5133229736668634,0
6.985441316937276,21.217121668275734,305.92376383695574,4.641950832357339,0.7046693079086168,1
5.0476780875219,35.473888566860616,396.45117527729496,1.7083377965583224,0.34830022052834947,0
5.785435056877816,5.8648692406739125,44.78801046665426,4.509942621935136,0.7734105805250722,1
5.987109547873784,49.12129190538566,204.76135746535806,3.631038876538461,0.6536426967031553,1
8.897781366527152,27.16602639970369,430.8412492975131,0.2858040255962907,0.4303068631159713,0
6.481252364100646,24.996139034631543,115.84114229931475,3.798359555424075,0.6749460192506328,1
5.711062289380438,45.41054509319714,318.4220562097389,0.1451444122503276,0.28401616300600047,0
6.573545463878834,47.0393162047036,332.31504016057073,4.731071462939069,0.7080119907510876,1
5.81631837387854,32.06117320800236,459.525549353261,3.2268996800027443,0.5197195924680217,0
7.489296862734758,31.869549615228074,289.6698037415831,2.2755990637712338,0.5558692911996381,0
6.070776202684122,38.62688203695808,140.27255752592143,0.6582398896161357,0.3952730570768332,0
5.208097096913946,42.925968487767506,140.69522392514017,3.788456615281511,0.6658011635989821,1
6.973115969183407,32.075339309512906,25.76323564163041,0.1663581240253842,0.45182129483515293,0
7.637616096598336,6.4900149301447625,162.1100558818352,2.952179179106535,0.6393197641892812,1
8.492252864683682,31.762930655569107,311.87654666349357,0.9378047514554855,0.5015082526981639,0
7.866756479994139,40.085334101687494,412.1826601931394,0.3404580023893222,0.3949808297573767,0
7.424570773999822,38.34733845991162,470.0693844304793,2.582720622573862,0.5561790796183882,0
6.976137194400287,25.469537667843586,241.08483856034346,0.08423859962794322,0.411562019188637,0
7.550394952902559,27.444942178055495,281.9244052297294,0.47511099851814953,0.40740226789127504,0
8.013716903539715,33.5954855395775,154.8973443557043,0.2663871729468542,0.423598036114954,0
5.113853873131824,35.508479363385085,15.548943600905973,1.9540982318857263,0.4582715048011477,0
5.168794511087984,34.68521794816778,362.2421387130173,2.9390232367298967,0.4989057803850322,0
6.7149665746437925,5.155281664570185,454.19745502323957,1.6666018121047728,0.32270856916047475,0
7.0725917520154855,6.520804265335274,137.13378360060568,2.7229264743632604,0.704490274829505,1
6.337086717520748,36.14507416109092,400.81902468674656,3.664819160760817,0.5583996603245525,0
5.6241942349228875,25.354836300263347,403.86266786697354,0.7575379850685926,0.17695438038742084,0
8.388522164877193,1.1854820739622243,156.58578818686465,1.567155312261368,0.6102703749414722,1
6.254230740056551,1.8431125321191721,215.70157199761246,3.417862610759042,0.6787396086529357,1
6.335721470134415,37.733120802384065,448.463149499045,4.272099023090432,0.6269133712474044,1
6.21308046181068,19.610692906402175,262.8415605068483,3.2094607568765894,0.5838084962774386,0
5.040047923988363,24.224210812088973,220.10957356923637,3.2988488093775326,0.5442976936031074,0
7.756563185987957,49.22464630078358,332.6248404451633,2.812526724706663,0.62752886489936,1
7.337379659907698,19.53409567505023,138.91140702674832,1.7333224990074951,0.5762249564319676,0
5.425037551522326,10.626436887529579,51.46951237849434,0.20710302867611718,0.31608012428429244,0
5.212959859676657,14.8111345496015,377.7771322865167,0.33458469558359627,0.32671718732524807,0
8.108311158648718,43.85946663396467,176.32989082974836,0.3277106923159462,0.41386040388883516,0
8.030307853523238,14.670856684479446,361.74839292896576,1.7026285669909176,0.47477934289220475,0
6.339182816665269,41.06003670604532,444.55648552319093,4.291129629096211,0.61273689367398,1
5.85573431266506,22.2882713504316,448.78207555533754,2.5839001370062844,0.5028065570365242,0
8.189663759323315,12.888245557950652,356.35249832993134,3.8058392023276704,0.6780912119173188,1
5.332378326568711,40.24260623181732,466.0273344935516,3.2864145280015626,0.5617149762287342,0
5.511185503443748,17.47061603728146,424.35910663043967,0.529733431504843,0.23698095027698,0
8.490764086542601,30.038288477104707,472.2925585677994,4.446928817789807,0.7456039912487002,1
7.3846089956235215,11.815200821460971,104.46142471476261,4.839052380847006,0.9655436976054825,1
5.4645209504269,8.444634567007203,401.01281411580226,0.5930288855419719,0.254147008669377,0
6.849218615069592,31.313507491567563,282.25467966131987,1.44567667242598,0.4646217371353632,0
8.865910159996965,49.32477974414724,66.35769714349094,4.157360553739743,0.953094935863062,1
8.462245377053428,13.187935385743124,263.2525679595889,2.7912498210733903,0.6968097242547407,1
6.025813253282121,29.666839298585455,461.7496619938788,0.8659037000694952,0.35741771052281,0
8.446904624743993,44.99345828589495,100.34918720052738,4.90898988136774,0.8569761925192697,1
6.984751121197249,25.276164754653024,97.51925793207484,4.422060142078098,0.8469247602502797,1
8.617297547459025,38.116750872042765,143.08987171752423,4.8985082480249655,0.9056928374822539,1
6.3139072258716595,17.64813559219634,395.53790260081075,0.3397204040128249,0.2892687845973723,0
5.1735830987583515,22.938057513777043,381.3602237611364,4.687540220458496,0.6651499476043201,1
7.258391003864526,24.06876364387931,295.0568288678074,1.779172638153887,0.5282015294605882,0
8.269984962511458,20.06941549137555,36.60938301008182,3.6420365359245133,0.8497294443800422,1
7.493251242670368,10.899439071152432,220.61473163002714,1.1593210359123,0.4776428921273301,0
7.552609547923412,28.207088163634687,247.20041024183175,3.3917773283482893,0.6844354069516958,1
6.812076217135119,12.754753749096631,406.1743218076239,4.415160969540751,0.6273909942019888,1
5.917198752008998,12.850168373989048,316.4871378478141,2.0690740496257125,0.4031478399345966,0
6.4295258540483715,20.87100040532022,350.82637496212334,4.873921993457005,0.7445326118662738,1
6.300423625582303,19.68237247393706,252.3753236716429,1.196415760304318,0.3960194439615998,0
5.531412280040936,21.0438722223455,335.5550677753287,0.6580403795059603,0.22892163967284024,0
5.0412610051887805,12.222399720129085,48.3627520685489,3.9822725396494945,0.7745490726686584,1
7.498121367048791,11.14801736768595,272.7419217513552,0.7131443130740328,0.3356150859935653,0
6.51599615235804,42.97113632130103,460.08954127944247,0.8607503520954146,0.41801987581610983,0
8.387452714493659,35.80243299481902,180.89757016730883,0.7119033974051225,0.49980758454110946,0
8.595881005568557,33.74652778635707,219.02083498663828,1.292096465408537,0.5715457656371099,0
5.842814229357114,25.097818907357055,36.23369229569617,3.9801768348921165,0.8529059635478426,1
7.837926837156978,1.7344499122411015,476.78362996251684,0.07431360903765394,0.23132864387867536,0
7.939270200981974,5.138650761442034,305.98952279753405,1.663941005115176,0.4778279872638933,0
6.8553423578654185,31.306922582382953,200.4118275602167,3.3795021175818682,0.6816221274931662,1
7.016460798069266,15.545081639563394,5.923859969725442,0.10140707601028587,0.40725379613406215,0
6.99286651736512,11.699404456143068,493.9967377811403,3.1730563771255205,0.6063638457256455,1
5.511245235351842,13.513845953491025,412.5114417972008,4.3597502225086195,0.7392617628425674,1
7.270205246739444,35.691817216157794,313.7266682503203,0.8499534951572296,0.4677560769014237,0
6.902006066921735,48.913013506112975,455.6963878831935,4.255494500072875,0.7183053184309314,1
6.578307971083984,36.3962933922855,175.69071902410676,2.4123720364511514,0.542621832086188,0
7.521874721827643,31.88654223873981,471.28792898329476,1.0520273537253737,0.442695140736172,0
5.5481815640377405,42.68868367971739,68.87396802537587,0.6959445094551808,0.39423925609890936,0
6.1137119499209716,20.441111446570456,43.05272159885487,0.5421899135689512,0.5328737205444483,0
5.582209057466457,19.267427503307573,289.02338212486035,4.005459234243419,0.6203708697232246,1
7.295738489689085,33.3810315217307,177.84640801932366,3.0342090783637676,0.6858029186270176,1
5.533924282992831,3.912100958666247,70.4787919416156,1.659429318465861,0.487325432811095,0
8.331318654182114,18.997994549948626,445.246066533605,3.7692740945342655,0.705726945306169,1
6.65323906844738,30.137085898698118,112.82973363511822,0.5759771065068325,0.44975915832914837,0
5.79588911954092,5.703890330283696,276.62623273596216,0.9707312086541942,0.36723848621230437,0
8.625128113397231,24.848118842009722,348.90249628435,2.744059372069732,0.6393547696960593,1
6.04708210554246,16.31652181934528,79.04277110473772,2.425759556648466,0.5190337389349513,0
5.573162387746606,47.5746327510972,386.5570942014685,1.2632071648022924,0.44642736964102725,0
8.426998823381783,46.943380831556006,468.59911911210656,2.5583951345579363,0.59168721399976,0
7.4514126945206485,4.191239769591148,447.14390024832875,0.017570398861887493,0.2942384370533152,0
5.602829106906928,48.65877468674513,466.28195198669704,2.7980768189281497,0.48194676402492076,0
5.650970021556499,15.319693801153502,372.7278751134247,4.558444572893469,0.7122323374061166,1
7.563306190990601,33.063295697298244,409.7520480154686,1.3824729332203929,0.4531295231822355,0
8.253699922069089,20.059314914646187,422.8431886528106,1.3127120030842994,0.5115963513846334,0
6.977489877068903,21.518182597206145,342.57295615936374,2.0785253901896725,0.5339892865210667,0
7.062378887972475,28.242661944958957,491.7085411347963,4.024697697863028,0.6063189012626548,1
5.775961750381907,10.209189176082198,44.789235706658104,1.8159168624371853,0.5657713338972936,0
5.095551071642502,9.02126799863796,376.203642243321,2.6229186132810263,0.5196202025338055,0
7.957127864424484,49.56721853234096,337.8110867081248,0.6066575058919216,0.35745172306936396,0
6.997856124022324,33.59888171881446,108.29467854982505,3.826162051467357,0.7738407221216936,1
7.0771494420561165,13.343508555263185,171.97130939863553,0.6476741775123385,0.4091260628092063,0
7.266316275028332,7.517018367623651,17.573217731266077,4.530098483070325,0.9169304614530345,1
6.540096297052984,26.494670718260576,322.62923067414806,0.8084396841666253,0.23262212446589242,0
8.252727785324296,36.6640059837031,103.44027829716119,4.3159611971368745,0.872231717281786,1
5.021979677343172,41.3838334657924,362.73270057675194,3.4745226445086175,0.5644976097020673,0
6.38565110846281,47.27130785930537,387.30311760056134,3.6190834174177873,0.7327478553708952,1
8.05635835854741,45.77652135910932,416.86631784753337,2.0306575919725467,0.545195179965126,0
6.316018552812177,49.886021449937886,308.24964214098,4.625711244075331,0.7086991428446971,1
8.027475647998155,21.630927044966036,16.009223169985766,4.59400655870834,0.9639544569545904,1
6.156497723943145,34.00782952125331,312.1921774428427,3.012639313362925,0.6342096898952867,1
8.225833066669354,21.74855522288261,68.5513777254183,4.0076776964093055,0.9204542049742893,1
5.011295297237112,29.62809798590476,187.41342402162496,1.7217815210496468,0.44197996947469265,0
7.665159352285672,15.918031772763435,344.4144681310714,2.466444184805688,0.4906996396510621,0
6.838672914878595,25.051040079147132,193.92422866375247,4.165410904966739,0.7331179259477869,1
7.021992936561844,44.03792538395086,203.5260221827,4.366090427796646,0.8046771981597448,1
5.727727307678398,13.508785393100153,52.88894802558725,1.965591713985893,0.6535625336794391,1
6.83544894468774,30.984404677135643,413.0143077398705,1.9396754431280572,0.448189788979376,0
8.050289421269339,23.498779208095367,419.4550589361112,4.475401206809233,0.7479307259408143,1
5.509504678370289,1.3767554684030419,306.36253786192543,4.851713651095114,0.6944359306746748,1
5.231564236584507,27.50100962695128,65.26491948888929,4.095939804660503,0.7076688561470519,1
6.990520407086558,29.39870324013148,153.0922693458401,1.7904367230506757,0.5527725056073918,0
6.568507772361122,48.65396634468416,29.90946332518779,4.0975726752571076,0.7463974128672911,1
5.343783899171827,4.458032540296408,197.93383975967,3.7651736084703353,0.5592570240538511,0
5.075205430144839,21.426553856073642,24.252018248879402,1.3614429864578854,0.5105258607849087,0
7.7409202600546445,28.97638997903549,282.6779220328962,1.8021241364757072,0.5128635504806176,0
6.143506766768566,17.253343306226558,173.41762825938156,3.3923735938425175,0.743607333560238,1
5.138950260941486,41.26454758915315,146.6071606462105,3.656356611622928,0.6391391648889143,1
6.251598967625772,21.97704967010928,12.32811489129071,2.00197734923666,0.5945053022370639,0
8.08143124956945,16.738178895004566,487.9502548701976,0.03495748700729717,0.25008908181678613,0
8.75462936329406,27.795156646509202,475.63611129831446,1.861598567149159,0.5177225871069682,0
5.579603026407749,3.888614600027993,455.3593127900864,4.582442457130481,0.8057971641367643,1
5.70392797458587,1.1107786402869955,305.3049567736934,0.020061932977554764,0.21004559027220968,0
8.137577238023068,21.826681975855905,315.63188790044796,2.4549359904928023,0.6438220174762215,1
8.637567052459525,37.35643799946628,203.74878106879524,3.501217767115933,0.7975379222094958,1
6.852224655918848,29.782637538562795,236.8840178078186,3.947951126655225,0.7182496888169779,1
5.682711430543201,48.73065214051834,380.5373100644323,0.7517249621576866,0.3192420000080518,0
6.006661821012749,44.85870297308532,143.26847923582818,3.9050251818228956,0.7014003940281341,1
5.306184058978019,20.779029324556557,56.24205653915077,2.206334502044893,0.6212248527028861,1
8.03703197141227,14.726768098017603,69.8618916332014,3.663407942683557,0.7115350337715783,1
6.800713838950579,48.579989421459985,289.85282486709986,4.747414815443528,0.7433788723566859,1
8.679060737401908,37.79962143338314,404.7027815946849,3.0825325939898334,0.649243025783375,1
7.131379184346668,11.29474467876634,468.6322246651637,3.350468820125727,0.6013205815736106,1
7.378613758507651,45.98291085803769,104.27757980697811,4.451917581871979,0.921158911448603,1
6.336385475439766,34.32025225492259,79.58922891277082,1.1563234626089869,0.5133083912476032,0
6.352607706504198,11.623595853102083,168.52260784432576,0.7081627715762556,0.37045795006868815,0
8.252775325655834,24.80174658544266,82.2503876525602,4.739166606522976,0.9531076339920944,1
6.525308719035413,7.290030468773273,335.3111331658184,2.5743172584821843,0.6217757094968326,1
7.676312770864255,35.34438231722407,474.7376774981675,1.4059718039272036,0.4216102183099693,0
7.513254147329075,36.69509741609431,399.01847848700044,2.5542003671709286,0.527705781247594,0
7.371374101123807,7.410761458097124,87.59321758006,4.93789317888163,0.8525024507326345,1
5.196179558858766,18.997164198803134,4.060569704278205,1.9839654548758157,0.5714405137786067,0
5.829977566081902,37.64891982781242,200.71373121324282,0.4980482258598101,0.3931287849141414,0
8.096221225576429,19.776922112004083,286.63751028762135,2.84318560144893,0.6225942705152826,1
8.442938505307218,25.13247954782009,78.53514353947266,1.4121094784598824,0.5943060802343454,0
6.0177462185277975,33.06966772804874,20.976126719799648,1.0966674957158373,0.5613327097809676,0
7.8781475974537765,7.11823123709834,159.36044071596717,1.1969072665138785,0.485886003187819,0
6.58488415534028,47.008233162721766,498.3732445033378,4.4544407919930835,0.5866942604181877,0
7.723392789547578,42.23951047115745,123.42903206875444,4.280361191285101,0.864911510187795,1
7.336199398449315,36.93499190246355,465.9254639849513,3.6284486327945844,0.650385862914254,1
7.5206990248551815,40.71551055571668,83.9528527486812,1.6725247358790245,0.620832084617029,1
8.264923375271866,42.07376647347255,103.9842903612278,0.39377683070450475,0.5127308367141087,0
6.728277770059421,19.22159728111687,418.0673188524472,0.0959901151213921,0.23151213549319194,0
6.173855091687491,9.31519692486938,244.2096722747003,3.355685926511216,0.7166866484528697,1
8.638127335568814,39.08008072421287,243.8911072252537,1.0238552001105206,0.43486654610396713,0
6.922440693158903,11.722034404293469,19.417267691115182,0.5879892496948053,0.49743267367017574,0
7.598824340713676,44.66876007316308,255.26558127852945,1.796122971158044,0.5101245720097964,0
6.380521585357849,14.109526341136002,111.42973323883149,0.039738746994531504,0.3427047030760488,0
5.912435375849949,29.938224391016377,250.4876662380734,3.394271540940974,0.582825890481965,0
7.8554696662120715,14.248215374235388,100.52978553480679,3.088117090528366,0.6899006241411193,1
5.435118050306507,21.800313124167175,478.6222515213817,0.05202833958377229,0.09028936420803,0
6.834522626899055,27.54614547422967,149.82122110684537,3.7221119039905974,0.7141962774420086,1
6.057782227776606,12.85006260380645,482.8245147481412,4.154266904711539,0.5912272014603099,0
7.614148498974254,16.95005737794787,187.79611895186272,0.348765267049993,0.39001199260162656,0
8.829589295475863,40.379884029479086,333.07388543796424,1.8402662856078034,0.5701910149127212,0
8.660284005007147,49.36249762823609,325.7201976676209,4.346348469309868,0.9484762303236526,1
5.37141102906577,46.03763968073519,108.9100026220604,2.3197597524112896,0.6054990433623447,1
8.643801428817833,49.115508585537064,487.8138763886478,2.7449304628213245,0.6279913255236268,1
6.8892578211559945,24.78692264516633,9.767958618698724,0.3764206307994361,0.4353329275236501,0
7.247749241612988,40.136448650558705,375.3856538645877,4.427229048510396,0.6979947112538666,1
8.578099564401493,10.363445221507048,282.2229005484095,2.6783778512877925,0.6039969415955838,1
7.2965918562759216,16.703940197481074,76.41349176808865,4.492606647130707,0.8154060144089373,1
6.293352728180572,12.786312645006488,427.09840791813247,4.749898507276096,0.6829662458335063,1
6.264118210059374,18.069319048030852,77.11290664190068,0.8306863685037602,0.39879079696873665,0
8.824747607019265,26.96115729266932,451.85900708677246,2.326073607183379,0.5234887208951535,0
7.4463643551108465,12.830675174601314,121.80487523407685,3.00604053725933,0.6254424833082978,1
5.888387981786131,17.233864337891323,432.1697266297584,3.3595183467165017,0.5798931437910907,0
5.312441900514682,44.892292804130975,441.13084348164716,1.0132714141293142,0.2711410255445049,0
7.151759780392487,3.656254233821011,279.6289054010979,3.131632808714845,0.6821075728029704,1
6.912593762085656,22.308962880996198,140.24737710805596,4.297391856013079,0.8438655747260401,1
6.857850053775928,40.13689908174857,266.0325487537968,4.460511985554633,0.8196975018658721,1
7.904717482612774,12.448573934160175,236.4010399846713,0.24100976142497066,0.3717697697347748,0
5.1825401718592055,32.87317805856688,179.44100386536732,4.399909992792891,0.7639811754456396,1
6.5068765602510314,17.858321943293422,258.48739498965693,2.072545155382714,0.5371376047238322,0
7.459476019679085,28.829005914569628,275.44692093352796,3.3967585135022835,0.701480221470016,1
7.1015048973954595,2.1704703834692065,324.351154389811,3.814793193894091,0.7114497399162201,1
7.269937053872259,46.868200086009104,323.2148944708029,0.05421457317685896,0.3407969915524289,0
7.661277029210632,20.27795626441919,303.155131197281,0.8485616222349801,0.4576360309098958,0
5.313226152852917,1.400739486413523,287.80446283153543,1.878175029708538,0.4081138091307932,0
8.91897300340764,27.02645659374909,328.4043816932505,3.466067805258839,0.7040544492142556,1
7.994064915155107,42.609212177588944,420.8754330015002,3.7195765272357493,0.7259542796736836,1
5.837575131715724,43.27402781324157,238.18842626141563,0.011863576789372665,0.2802529313611546,0
6.328637809139116,26.606616938653307,171.47521081794233,2.484984993214174,0.5771379576024677,0
6.949363858259023,24.134986140695037,114.73881585921208,4.033237458691815,0.831870268920447,1
7.15658213688936,12.60318725988909,93.41332258807527,3.5755722434434505,0.6603696687595179,1
6.564410283806801,48.110878165841314,347.511338377432,2.172515159146416,0.5379595879501045,0
6.748979296968674,12.45992035578016,131.73093328516515,2.7415001249235624,0.6965454949521935,1
6.470246369713543,45.33421417655275,35.10261747529286,1.5497736873442842,0.5146986064953178,0
5.60285829658973,15.93403557994184,193.2242046100373,0.11455368333969429,0.23175979756412263,0
7.904303870522497,49.91321316976043,40.12499192774438,1.107429578808115,0.560602397652692,0
7.0330747411420305,47.58035482340162,196.6277260230306,4.400835816170487,0.7073368232480002,1
7.555171465427852,46.93436744946293,63.50623660248983,3.7400076466834777,0.8451359956496859,1
5.069893410204909,20.43259852275912,312.5182271460402,0.34915170714221677,0.2951411853115154,0
5.903854318405925,32.70601706708925,391.68459438718577,3.482900293105409,0.5942649914673998,0
5.98737304357388,9.019889161059723,130.5866285479112,0.8295622396050922,0.3858861773964091,0
8.995500710636062,31.73730968589853,468.33498561669217,1.2983687575671348,0.47134759166907053,0
5.1439219998153325,4.936095661188428,364.21393150938553,3.122043966830081,0.5877559036901128,0
6.6249111239777125,22.028153193467354,145.92494388751896,2.6422970967146875,0.6084255346915987,1
6.622218199938297,11.885638473769845,280.86003728641816,2.346943949596048,0.5035224333017412,0
5.663590411622581,45.109216875023606,148.3953689644991,3.154445872345806,0.6271354955120229,1
5.172832581638987,36.95930494142954,279.13004139704896,3.8101396507877716,0.6666566683803737,1
6.480054726555366,17.727517341277984,20.11149551191377,2.0142714341914116,0.5205446065237334,0
6.945622228962357,12.976794338661977,318.57323298546913,0.844993162742062,0.43558768977558737,0
8.643527823818145,32.708412345947636,158.1215196564581,3.831522047969939,0.8850761196045298,1
5.712052702238686,19.482032896461753,51.16171897570154,0.795716282181842,0.42438385131733936,0
6.689608792100017,47.017650216747164,107.04810992391994,3.7762511052966086,0.7389895206158211,1
8.147412553911423,5.355362922334878,85.61943260207244,1.2436469381078352,0.5182125890643713,0
5.049113395678367,13.292724950555131,353.10704562934643,0.13117901702878187,0.2949941278944724,0
6.6081075821773165,29.50679685858543,329.37771535543436,1.4455480166020647,0.43264221386282514,0
7.815450343535927,29.943269850603947,253.68508670776185,0.9932754361941876,0.449490513154691,0
5.010317638378954,30.077254802259507,25.009085292494127,0.6300459878752329,0.46021200484000874,0
8.054625191136932,9.950116094468724,91.89548264913554,3.4480384424841892,0.8323273668013697,1
8.856422597678003,5.769568506696233,326.7905158059468,1.1546816838888492,0.46467728448507156,0
6.810230858556867,3.8012698967267617,11.276837337365397,4.18244074051409,0.8619196993178728,1
5.03451348020349,48.756755633550895,9.287771280266144,4.377875643861907,0.7784539234111327,1
8.595778387107561,40.66812325496964,208.95461419890026,4.369888641834696,0.8851410327838484,1
6.778723239659261,38.49466754188754,301.1733277793407,3.294851071547194,0.6824705785998053,1
5.5869524082554936,12.480780008265798,347.1784357752507,4.665887776106082,0.7178107047523057,1
8.210400550005112,26.48034553195604,41.93562716894178,0.11493957699593493,0.4586300585264506,0
8.42862705846558,29.141476966740203,145.92539308024305,3.402810814143236,0.7363915928610821,1
5.192814508003324,3.343771682892034,472.7286167335133,2.21876458609609,0.3964537096816395,0
6.644490842073948,4.903074006658458,194.27847285702555,1.290648045510524,0.5202756932104295,0
5.897546080749527,1.8543002576768517,238.27506564780708,4.566114401767856,0.7829574675393629,1
5.435857410367268,25.326466072969662,81.72517867904489,1.633026313970745,0.6163862626386155,1
7.4767840382561115,5.505120964290518,122.3199189291918,2.7161530808928362,0.5298592419636754,0
7.2761169906981005,44.22513670584506,68.80239494196705,4.065742146866737,0.8771215192903012,1
5.198125141364228,26.940227718032414,179.24378040916528,4.157537158686994,0.6981862528396278,1
8.550834844185234,38.84646632059638,186.2409257439022,1.2144524789905224,0.5824519912905846,0
6.884071511371575,41.56009024368405,466.9834032822458,0.8001409775509893,0.36339868681492143,0
5.6943810710386575,3.3416617704295235,93.57747580086323,0.02959352853660613,0.29622504694343166,0
5.167185121867874,44.92226690698146,218.21190332600548,3.5976607477826503,0.5959226118496695,0
7.97412359713139,24.282552524819593,94.42044475013833,0.029826468048437804,0.36346989028347004,0
8.272448461717335,9.333096477607526,91.67231422394411,4.377236364630221,0.8747223159307419,1
8.470448201149694,6.743587601778177,160.40597678489883,3.360105316965665,0.7809431853506931,1
7.29977256376946,1.3791450919425268,273.11973224620397,1.6275773739562789,0.4115332667015958,0
6.266128028649989,40.45289642445139,182.6843593336081,3.602943067358249,0.6020132444649713,1
5.011186576329467,10.221503430226006,186.0141086487937,1.2157201782091354,0.45922155622502614,0
7.013628539737031,14.279311777369427,432.73682302798534,3.0627060784727016,0.5447266463364205,0
7.81213715627645,41.82503004744654,295.4594192420762,1.5520023172232722,0.49498243594375113,0
5.200457197787364,15.446592120765267,76.7207984113879,1.4985218071363322,0.5019595131598846,0
7.02344534515103,3.011546069815239,71.03512878931778,0.7603306036694024,0.5282775842375363,0
6.648510407723688,17.239389540028363,84.16423622277102,3.7181484535914997,0.7596878253484024,1
8.055023900436243,18.23582585621267,318.32177061216186,1.4582341003750698,0.5200854961938057,0
8.35994239774497,26.051296300979004,63.56645517885595,3.014868988307345,0.8454966129867574,1
5.373437564272142,33.419259631419045,105.62394440505119,4.98222416738661,0.8296783388201017,1
6.948194635643502,13.220796710524755,193.17859324889386,1.3602340059218703,0.40319257273739767,0
5.453709154225567,34.64014383027249,40.51296578698438,0.5264917600170232,0.42064323420807287,0
6.572340132538869,44.30488483376343,186.1447162968074,4.355938913596243,0.7941716982783842,1
8.02953748981255,37.06153197159605,468.6576504169474,3.94300392805472,0.725785722999398,1
7.972676425831043,18.020683106997737,131.6242955743442,0.818271751994506,0.5106359675530352,0
7.768295360345565,49.03709004224261,388.1700058005873,3.732915468585958,0.7001809908565182,1
5.067546410806138,4.457081192718672,482.8430666416775,3.952484489150745,0.5971960501631993,0
5.941275031185954,39.90843552198459,74.42235267812019,1.2515305000206378,0.5370089661067656,0
6.147249750268161,24.751883380722962,196.48812758834777,2.259818732193078,0.4921344647822564,0
8.154424263799221,33.25264101183713,287.5259777945485,2.2857264275044606,0.49842926179414687,0
8.283441780489133,37.95084285025066,460.5385529007724,1.1330491724822334,0.3495686664466783,0
7.527220171415051,47.319054400714315,449.51937918209717,0.9057546542555805,0.34476545783520757,0
5.253285813660884,21.375468070902183,322.09060935813443,0.8721468070228783,0.3697159683021144,0
6.880847839736255,26.459716174366964,396.313400708621,1.763315264667849,0.41727057831816305,0
6.72326205286612,9.561840887536857,429.7279105846662,0.19148766113415372,0.20283204769520796,0
7.2256450459652735,20.26426314584477,391.6437113566046,4.81628688465373,0.6991555551718209,1
5.744723653348894,20.29358643929783,47.271004763752735,1.3256566081283738,0.49305474027815543,0
7.188314985341556,2.510036600014646,218.81742522263997,3.8512333747127863,0.731530349406582,1
6.340730181395244,2.776407741366048,12.160032748505078,4.999672315872911,0.9472950933504602,1
5.211005259331369,31.82232045104774,328.6605327214254,0.1944366811823045,0.22154971189918687,0
5.747842325188824,34.38112530960796,125.42442767967727,1.1587374976372238,0.4061731222177696,0
5.482342527250478,48.02952171928369,388.5327024570619,2.0992895143607764,0.5001686383760885,0
6.497497983620336,13.012852966498015,149.30255434977934,1.9971240057396034,0.526872881568829,0
7.861697511605927,18.484777882716163,294.2654703942398,4.678654207102671,0.8834797055560142,1
5.319709373282347,9.127071209896863,163.85545487189458,3.4229527872046983,0.687756451729462,1
5.592220233069071,21.768452615492432,28.658193134586117,1.0852333360899342,0.5058637504161249,0
6.313921957557089,9.073085854839272,494.5299718795308,4.45265977810201,0.6607740171054244,1
8.187116794891235,18.012095765540515,177.72052388107446,0.4826582219283304,0.44408620019274964,0
5.99905015550174,36.04733758983378,471.1216838447525,2.1988319620087564,0.5074577870431471,0
7.329739342630315,41.19389549440214,138.8432473669639,0.10741034331070043,0.36936975261750593,0
8.68976609806982,8.533478771949518,271.97213788083326,0.4744542052971912,0.4693183447157944,0
5.514376488628374,14.334797722171155,36.78300001561385,4.917584627588986,0.9009676587017468,1
5.017443941938332,5.9864150937211615,368.3639721270956,2.9937870241156457,0.5289398276519579,0
5.1110697881601235,8.124240674880006,277.11148448946363,3.851303533682821,0.6816253737764261,1
5.985471277000752,38.17957448416075,457.3608349093707,3.014650831018483,0.5698912369704171,0
5.728854841246408,33.15107219500646,256.24011949553534,1.0616299888158987,0.4289998038535634,0
5.472099294524651,25.859227436816475,2.156299753056201,4.827489112883232,0.9253939149675783,1
7.473795357051367,26.40916102093525,492.10578583668087,1.323190987424336,0.353286610665706,0
6.164036659108275,11.550883002478566,307.59271246991835,3.80750865279384,0.5900943599333957,0
5.803235912582354,25.45971968027512,25.2394390585855,1.0409528245832322,0.4529538297784676,0
6.775527249068572,4.436819972182482,315.6340737377113,1.9887688796588165,0.5164581093823315,0
5.876680986850818,47.06505523525235,365.73351171358553,0.27184247369807846,0.29568448387458257,0
8.059852512507675,33.7710750826954,40.3920484494183,4.930461264794116,0.9122687508834988,1
8.73441595892335,34.28572322038818,319.6551871374368,1.982460439709135,0.4713597652814813,0
6.0950530182955625,8.757041405866865,335.4362416828291,2.6264777490049163,0.5127053299784398,0
6.2545485271746255,41.25313178515307,387.6848713401542,2.1826531575957775,0.4358454719898722,0
6.5659793080070035,20.057785759957422,80.46346459656817,1.7816971213728179,0.5850342018763964,0
5.845268553293701,40.23181682036249,31.55533384711495,0.11485015698240064,0.43490329852719356,0
6.246766529912611,7.915190149885609,348.05589191976134,3.8472179530575916,0.670792643218874,1
8.242862512516295,5.535649518656287,439.0742057679305,0.710190900887398,0.43692610664629977,0
8.450115609827805,28.560520369739688,25.947083879881706,4.546654185029222,0.953724824802478,1
5.62057540292446,12.279630295604507,437.8267846484687,1.3770646984525359,0.35437802008330815,0
6.276332243447769,39.81913126247781,462.70035439338886,1.9854809572368481,0.42694978461153776,0
6.770765415265545,20.098858764929577,352.1378226197202,3.4169976797625194,0.6198860393970472,1
7.266252653289907,35.138356822931726,111.81122706830871,0.9225048605321012,0.4448893820448385,0
6.878435395716721,5.016364445556072,8.626745815834003,4.930744507917629,0.9596246031991307,1
6.2476589595586205,31.53559598675596,44.916245197720365,0.8747348716170122,0.4965628830537945,0
8.149782021078288,34.63393729350604,114.9127660540722,1.1388164299928354,0.5796768305492698,0
6.914009378782394,39.36211293482411,366.72922297904677,0.03724897395446736,0.2526096079140869,0
8.125619112677317,43.35008222950953,332.5370614218392,0.27845053310501244,0.29508703380118223,0
5.992619443026694,36.75966563965536,268.69988448897254,1.4439274392985686,0.4556336420353627,0
5.082949554677077,14.129398399317758,206.2988867311411,1.2868029578865707,0.40561858736021483,0
7.952482533582007,43.04010653255284,186.9550811811027,3.0036205636331283,0.5887606115945665,0
5.096191749909774,26.28662614957711,232.68592712970744,0.6935175524869958,0.30544728050874914,0
8.418262246359376,10.56488385605736,308.22306203556036,3.0589369713048353,0.7116206373136649,1
6.826291357181185,25.373823660627057,347.4961896400045,4.0167863836247895,0.7287650471015745,1
7.533826605492273,1.116523448543307,428.6151172213598,2.361975917560209,0.4742815129813576,0
7.812905080565847,5.145349871639959,277.87675342792187,2.0106756728375497,0.5737021715844861,0
5.155985294104456,4.670902091995417,274.9352417676353,1.62881491810096,0.3787676449807409,0
6.545524323068157,17.008096432201985,210.2140592174013,1.8879838650194314,0.5387900750531549,0
8.849272902702179,21.971669959925126,318.2140863618676,0.48467106654119185,0.44398662290240803,0
8.590830865482706,24.469262244585188,436.6403030280228,4.314400237179193,0.7665179122268989,1
7.804910991454344,35.84232710981067,360.24131026771465,2.2415849032319892,0.4754416274092877,0
7.3056176419479035,20.240078218851696,236.80004404569453,3.4534254890723726,0.6589564069977302,1
7.390557267256505,40.688909185146805,269.1930264685555,2.5054396406768085,0.5600215757939538,0
8.922161846802625,47.11999928211251,372.2252493562333,4.718445836820351,0.7738353319385063,1
5.011136378667564,26.064790477405857,357.6928091633593,3.604652437738101,0.5672435515156304,0
6.119052371119858,5.815811148593864,228.4142167571027,2.511663259795557,0.5049740642609548,0
7.80572182143896,30.339418900997295,315.41937505368685,3.9121528532078615,0.6806389000324661,1
8.265896866260844,35.46862857219413,183.02710816934203,3.582877709509958,0.8728993076658984,1
5.325104183695213,5.041150849533479,274.94856902031046,1.1880113312923424,0.4517939967447074,0
6.285051694238709,3.1806555031565025,468.90235748554136,1.9426474684895911,0.4770265740501046,0
6.9114190694657545,26.14529675901461,350.54954345980155,3.7946124969114967,0.6874709615067297,1
7.489251429072212,6.235176847210506,85.0338667151701,1.5983537153689014,0.6395036145498603,1
6.524239563624653,45.48737130067116,74.65563974201423,0.0762882620733174,0.365222565347212,0
5.287038458447789,18.690322944626406,327.9830156332902,2.6102671027769713,0.4490643526224272,0
7.974664699831372,24.508639788309676,432.30223545972495,0.8547107860931097,0.31964676110922824,0
7.471808616738063,48.387019866893745,468.64996327936524,4.927413015606364,0.702559798020267,1
7.396529288591948,22.633562399443576,399.96608789708097,1.9152225606888773,0.5193294056381931,0
6.746330916507082,15.081756416382566,24.625492558682517,1.6021986358275502,0.6366523561235563,1
7.099626734012146,11.581929308521952,100.60079725749021,1.686823607994898,0.6978577802440833,1
6.0568046880324715,30.88442918944521,426.6756352033168,3.700236248280277,0.5988463477306859,0
8.64210034169309,46.15319343004336,84.33199065140317,3.292965945816033,0.7125790070747686,1
8.853738257567526,29.64385059668492,387.12965612586555,4.436599999325962,0.8879458442389284,1
5.136167189109627,23.950292286850264,27.44684244725404,4.326007302027985,0.7683334202202201,1
8.925365199160316,32.97877241548683,85.96675578083845,1.5398961906106194,0.5597165466812003,0
7.868569683099983,28.82429384425009,333.3236771711247,0.47746598444902033,0.37821914795320666,0
6.709885554671748,46.684890916669204,85.59781043516962,4.100326488609527,0.7678882124763361,1
6.2811383451895,14.077656955531141,345.2605849439586,4.130556149054939,0.5897161233499866,0
6.414521927318445,44.7753482878334,346.8425430636219,1.4715183518859476,0.46156678762851444,0
7.571470247828598,19.92495422669202,115.90448409042526,2.311341632066047,0.7399806094397742,1
6.921800589898128,45.034235095376474,285.7906822842603,4.780127756487588,0.8685196271359523,1
5.47273461242017,48.72770463160147,285.18431388102067,2.2760229770506175,0.5510068204181607,0
5.875101042988492,47.464342375248926,486.769383560631,3.8158782594086778,0.5842001895119303,0
6.927339923283926,27.20554638238115,333.87997991642504,2.568755830906908,0.5816844581335955,0
7.005845910790784,18.425830197985732,245.456869182471,4.886178614521611,0.7777968718725013,1
5.796622940782173,25.415868918691114,373.3658886507008,1.2271433704766004,0.28845411238626856,0
7.185845060010249,10.992915217957306,292.48648907818284,4.760645113742335,0.8748377639049635,1
8.813322125553213,25.054315500171832,326.81698882555696,2.6795403454813083,0.6563008419852792,1
8.086125425714377,17.0856672078356,155.21110275323653,3.345757442851463,0.7403696900503135,1
6.475155146934172,14.575061883701066,393.86319575196455,1.7188890978417526,0.4349927609593119,0
